sample_id,tr_id,actual_class,catboost_base,catboost_progress,lightgbm_base,lightgbm_no_vehicle_id,lightgbm_progress,lightgbm_quantiles,catboost_lightgbm_blend
122048_1767665400,122048,0,0.0265769635304029,0.03045287298937084,0.011164710323355998,0.013847761457332214,0.011335513791805134,0.001,0.020894193390587987
122048_1767665700,122048,0,0.03680338593141625,0.03452832032082718,0.01886238219429084,0.027434197496738852,0.02653224580319509,0.001,0.030530283062011134
122048_1767666000,122048,0,0.09615344153857339,0.09376120999970634,0.019586998556945127,0.029053948357200633,0.0212045799648562,0.001,0.05748289498228127
122048_1767666300,122048,0,0.08180179250859808,0.09178488634418201,0.017202977767706847,0.022503055349639648,0.01601725143746174,0.001,0.05390106889082188
122048_1767666600,122048,0,0.03951343801268373,0.05048271474742448,0.016416854715490904,0.017005363984288587,0.01719942154163639,0.001,0.03384106814453044
122048_1767666900,122048,0,0.054689625731827965,0.07927786643705326,0.01608185113246667,0.015056945536584713,0.015177354070901192,0.001,0.047227610253977224
122048_1767667200,122048,0,0.06332604248213401,0.0639227705800565,0.02861099941403433,0.02931688818219972,0.036344092984827055,0.001,0.050133431782441784
122048_1767667500,122048,0,0.06315976806216905,0.0738469129069434,0.02124697082143915,0.022161208056997717,0.03797629960348976,0.001,0.05591160625521658
122048_1767667800,122048,0,0.060292050050392544,0.08159023338154377,0.02194441932367556,0.02093029387506573,0.03880150901534733,0.001,0.06019587119844555
122048_1767668100,122048,0,0.08838965340122368,0.1086443673135654,0.04024254808292539,0.05007710540083687,0.05866653047196576,0.001,0.08365544889276558
122048_1767668400,122048,0,0.0717054065381352,0.046197344823505564,0.008000979525642365,0.0076362953880053635,0.009265640306591038,0.001,0.0277314925650483
122048_1767668700,122048,0,0.06761828406168277,0.043055887403889076,0.007421987571183828,0.007638298745477899,0.007958700642560617,0.001,0.025507294023224845
122048_1767669000,122048,0,0.0625377527518041,0.04233232621587636,0.007899944596825196,0.0076588221355417384,0.00928763161432747,0.001,0.025809978915101915
122048_1767669300,122048,0,0.07092558860620135,0.049232655772336084,0.02440342485832834,0.023402447181326794,0.02189639087734479,0.001,0.03556452332484043
122048_1767669600,122048,0,0.06115946789976655,0.044252592145889155,0.008108034496758475,0.0076588221355417384,0.00928763161432747,0.001,0.026770111880108312
122048_1767669900,122048,0,0.06199187031456268,0.04660525367616383,0.007300559150976185,0.007419221221252583,0.00881070106930131,0.001,0.027707977372732572
122048_1767670200,122048,0,0.05972549146462895,0.04752566940705905,0.008108034496758475,0.007862892367521615,0.009482041398855714,0.001,0.028503855402957384
122048_1767670500,122048,0,0.04608591407724688,0.03738711711208445,0.008108034496758475,0.00930825166868066,0.00961817723312888,0.001,0.023502647172606667
122048_1767670800,122048,0,0.0871614573151993,0.09148647880824003,0.0455224069792421,0.06332950896486847,0.05005336774219571,0.001,0.07076992327521786
122048_1767671100,122048,0,0.06163367818060997,0.09446155603257997,0.02472538956514018,0.024559910703937836,0.02886277316392229,0.001,0.06166216459825113
122048_1767671400,122048,0,0.06327000696236638,0.10518720869467578,0.021928432399871814,0.021134923010656573,0.030708135905505134,0.001,0.06794767230009045
122048_1767671700,122048,0,0.07854449340057522,0.07248660488291123,0.021335573282253165,0.020567024784467633,0.02628501827080388,0.001,0.04938581157685755
122048_1767672300,122048,0,0.04534175076900038,0.04498648270097026,0.013396265615350494,0.011974025149152114,0.011000521749611789,0.001,0.027993502225291025
122048_1767672600,122048,0,0.03513814711837562,0.03516691363106948,0.01509534929623354,0.016853614696407018,0.014512676362799484,0.001,0.024839794996934485
122048_1767672900,122048,1,0.05327819798729458,0.056773744759052065,0.02420904792448725,0.031892019270852945,0.028707286902887475,0.001,0.04274051583096977
122048_1767673200,122048,0,0.17142474967460247,0.17333813772424259,0.0992883775142209,0.12299430631975991,0.11513226821416173,0.12330713940504345,0.14423520296920217
122048_1767673500,122048,0,0.253062987185955,0.2212446411516368,0.14176579144182885,0.1097995782930825,0.12384506377416825,0.3409950309881794,0.17254485246290252
122048_1767675600,122048,0,0.046286755875371954,0.05121238724552368,0.015470639758711331,0.015091655848741007,0.020215554540607472,0.001,0.03571397089306558
122048_1767675900,122048,0,0.07174773176814428,0.05892790562115828,0.02373546932885222,0.024595981690882722,0.03466841323925238,0.001,0.04679815943020533
122048_1767676200,122048,0,0.06288534766196305,0.044042375664212964,0.014838597438180336,0.014138537232618863,0.016124839802544158,0.001,0.03008360773337856
122048_1767676500,122048,0,0.04830819836656311,0.04623511977897744,0.018156586097058367,0.017264323003790147,0.02813552828085324,0.001,0.03718532402991534
122048_1767676800,122048,0,0.10531048001676553,0.09371914841925523,0.01739441768280724,0.01871442192584761,0.0219303439820929,0.001,0.057824746200674064
122048_1767677100,122048,0,0.0635224697098926,0.0495629332637252,0.008465784584220535,0.007753295512332453,0.008352303355519343,0.001,0.02895761830962227
122048_1767677400,122048,0,0.046739638318558305,0.03358560799355333,0.0054296472808373145,0.0057937423043302174,0.006158574155346216,0.001,0.019872091074449774
122048_1767677700,122048,0,0.046739638318558305,0.03282466200805888,0.0054296472808373145,0.005908696170603826,0.006270894647796755,0.001,0.019547778327927815
122048_1767678000,122048,0,0.06283528979010569,0.05443346618568518,0.006663973810510301,0.00706095278937363,0.007328346059765723,0.001,0.030880906122725454
122048_1767678300,122048,0,0.06111322920145668,0.06553195592127696,0.01126054265308022,0.01421258678530738,0.011763754291933418,0.001,0.03864785510660519
122048_1767678600,122048,1,0.07318357398583292,0.08279228219748547,0.0185231621421762,0.023259163961665302,0.01900192467878133,0.001,0.0508971034381334
122048_1767678900,122048,0,0.10701771153458105,0.17740219244977282,0.06638767385482104,0.03517624100077467,0.08927449288075465,0.12444084687394907,0.13333834266526373
122048_1767684600,122048,1,0.5236487012814245,0.575611788561185,0.6668840617348774,0.6275993390762777,0.6585834130554316,0.8571023439849254,0.6170976008083082
122048_1767684900,122048,1,0.49384028626430265,0.5725365961691105,0.7236776445173818,0.7715186889538577,0.7219799039776132,0.9798273890786513,0.6472582500733619
122048_1767685200,122048,1,0.5187092405057503,0.5594483736555236,0.7729506599869501,0.8028833701520882,0.7648557600277774,0.999,0.6621520668416505
122048_1767685500,122048,0,0.6944404184192472,0.7346184499722092,0.7633698218588307,0.772034826377897,0.7788655941737671,0.999,0.7567420220729881
122048_1767685800,122048,0,0.4916818433605118,0.5618308413698218,0.6782591222301975,0.6101074150006496,0.6531618644642859,0.7042472831185455,0.6074963529170538
122048_1767686100,122048,0,0.21645252023935505,0.2799576968184594,0.20015183534151487,0.12510954496745583,0.2001087185942794,0.2628761107557056,0.24003320770636938
122048_1767686400,122048,0,0.18476290049744812,0.2424686615520702,0.276344774457578,0.21835556025704608,0.2783043604393662,0.3419610545719661,0.2603865109957182
122048_1767686700,122048,0,0.08350363857722636,0.0790264305590678,0.042003604303422724,0.04100934212556306,0.05316444224289876,0.001,0.06609543640098328
122048_1767687000,122048,0,0.06311510997036768,0.06688420366983766,0.012428956508394757,0.014310925238264103,0.01523160757554693,0.001,0.04105790562269229
122048_1767687300,122048,0,0.08723177382771943,0.08855941918468967,0.0273292023348135,0.031128119671055415,0.04066997496994013,0.001,0.0646146970773149
122048_1767687600,122048,0,0.19429845819323174,0.1523389626438787,0.0817409492473494,0.05634120441782382,0.08765784914878551,0.24445735047562267,0.1199984058963321
122048_1767687900,122048,0,0.21319899369499581,0.17250887982276242,0.1545253121615838,0.12524330840881737,0.08031423273414533,0.34514880698090256,0.12641155627845388
122048_1767688200,122048,0,0.08521701327169028,0.11945971155495297,0.047855293621837824,0.05696620104811015,0.04573856298096527,0.001,0.08259913726795912
122048_1767688500,122048,0,0.16341071326825293,0.20957045761637572,0.13344384435032838,0.11381974311780976,0.13417464828341003,0.2549624298467309,0.17187255294989287
122048_1767688800,122048,0,0.13714018720999133,0.20957147002047605,0.10769375581062043,0.09923875571769722,0.10979034756552442,0.17177460754798946,0.15968090879300023
122048_1767689100,122048,0,0.07430015567109706,0.10816362718377547,0.03652595642867967,0.046314963389442555,0.060649866872526825,0.001,0.08440674702815115
122048_1767689400,122048,0,0.07562005114344712,0.16164924493390306,0.03825423165836653,0.050349468033183735,0.04959798258527603,0.001,0.10562361375958955
122048_1767689700,122048,0,0.05732280817428972,0.1021250683616305,0.05193381562888313,0.042953765913589244,0.06831446962483197,0.001,0.08521976899323123
122048_1767690000,122048,0,0.07973773013077795,0.1005393670246533,0.04360357187333019,0.03603675690929118,0.05079308295952149,0.08063552830197174,0.07566622499208739
122048_1767690300,122048,0,0.14190944213130655,0.11922574731971156,0.058503508347845005,0.04646318651538436,0.03991681628509524,0.049306487363023566,0.0795712818024034
122048_1767691800,122048,1,0.03700034945195213,0.04648931294787214,0.01589891966657869,0.015321372656477724,0.01649390214786215,0.001,0.031491607547867145
122048_1767692100,122048,1,0.05430535755259501,0.03246229750413451,0.015229498145175437,0.0137214196294327,0.010643532592274248,0.001,0.02155291504820438
122048_1767692400,122048,0,0.08654673003887157,0.060083538558076834,0.01434863768304553,0.014523010271747874,0.014343940015666731,0.001,0.037213739286871786
122048_1767692700,122048,0,0.2410932083385962,0.14983929381048539,0.12632435788310709,0.05689321040543025,0.08452162776080645,0.3375243766676437,0.11718046078564592
122048_1767693000,122048,0,0.08750956658285422,0.057155013597188824,0.018701756364495864,0.014290492120263827,0.015261548151555112,0.001,0.036208280874371966
122048_1767693300,122048,0,0.044679558465409885,0.04751303281748366,0.011676854358279757,0.012254466375992984,0.01070789136183953,0.001,0.029110462089661594
122048_1767693600,122048,0,0.057747832143325566,0.06334880260054941,0.013056224403303543,0.012790844482570543,0.012988331554540378,0.001,0.038168567077544895
122048_1767693900,122048,0,0.036074233740894024,0.05164974675612915,0.01491275349576149,0.014129310467294673,0.017640740144244934,0.001,0.03464524345018704
122048_1767694200,122048,0,0.05607329831443742,0.06517935621597883,0.01587255936639565,0.01609433789189591,0.023863974774496675,0.001,0.04452166549523775
122048_1767694500,122048,0,0.06356074192008013,0.07940551778043461,0.025486506883017877,0.028632201549546533,0.031956406104971136,0.001,0.055680961942702875
122048_1767694800,122048,0,0.038510746304393925,0.05152364720320269,0.014186549393906463,0.013574463232543273,0.016741808770616023,0.001,0.034132727986909354
122048_1767695100,122048,0,0.030777223084815532,0.04215819542088694,0.011879996169306751,0.010916081797370109,0.01563110749094426,0.001,0.028894651455915597
122048_1767700800,122048,1,0.048231232362918174,0.05096496000716403,0.01230424113147973,0.016933712207983963,0.01664806652127459,0.001,0.03380651326421931
122048_1767701100,122048,1,0.3643477095472687,0.32878630664638303,0.292332201460038,0.2650381935611491,0.300708872535336,0.7315937817026278,0.3147475895908595
122048_1767701400,122048,1,0.32648782543763427,0.2792222714955986,0.23645467647541285,0.18617944207515819,0.20211804718631568,0.999,0.24067015934095715
122048_1767701700,122048,1,0.39538251992811996,0.4165758412547762,0.4290475762528174,0.4154178269789978,0.3657678804273182,0.9730666487883606,0.3911718608410472
122048_1767702000,122048,1,0.4723510841988969,0.4917415434361668,0.4449341952499613,0.45990280581360315,0.3961684890644546,0.8719615307526849,0.4439550162503107
122048_1767702300,122048,1,0.4258190525694395,0.47085923061613244,0.4693872892561639,0.40246400275707,0.46790755047222654,0.7933870602777755,0.4693833905441795
122048_1767702600,122048,0,0.40992636115124964,0.4834019977390267,0.369429920785182,0.3522354224332585,0.3653120832191638,0.6131524727575385,0.4243570404790953
122048_1767702900,122048,0,0.39712221851723156,0.4769307102324416,0.2801408589659059,0.27146705858807946,0.3446722668313299,0.6800466831191716,0.41080148853188575
122048_1767703200,122048,0,0.27582356242011047,0.3628521903119918,0.18766044376609706,0.13065365695183007,0.20947433100811771,0.4007763115735288,0.28616326066005476
122048_1767703500,122048,0,0.21031800942782633,0.27245178671748804,0.1276550039994697,0.10264458228154745,0.14528440587841052,0.25327693315785205,0.20886809629794928
122048_1767703800,122048,0,0.08608434341812495,0.14963817748345534,0.05622548346690216,0.036495356832741924,0.06804554913637349,0.14221584501848672,0.10884186330991441
122048_1767704100,122048,0,0.10013163442040181,0.1175109831589122,0.0738987595787128,0.10053524684172287,0.09653243601387833,0.16413473509595355,0.10702170958639526
122048_1767704400,122048,0,0.11457389318535588,0.08995890658182669,0.025026048518726036,0.014430721811870455,0.021067849873288684,0.001,0.05551337822755768
122048_1767704700,122048,0,0.061592419245712834,0.04676229035106875,0.01498782836746936,0.01172279104550219,0.013716823824916928,0.001,0.03023955708799284
122048_1767705000,122048,0,0.048235300275064084,0.031339032187357015,0.007379879701710846,0.0077854711665326206,0.00803936397461327,0.001,0.01968919808098514
122048_1767705300,122048,0,0.04804394643236409,0.031006457887205498,0.007379879701710846,0.0077854711665326206,0.00803936397461327,0.001,0.019522910930909382
122048_1767705600,122048,0,0.0614206148384778,0.042077348841592574,0.00824912616633385,0.008231487465703836,0.008169998374196874,0.001,0.025123673607894723
122048_1767705900,122048,0,0.06145878370544666,0.04366460340792963,0.00824912616633385,0.008231487465703836,0.008169998374196874,0.001,0.02591730089106325
122048_1767706200,122048,0,0.06022529059641737,0.04311737534341157,0.00824912616633385,0.008242971589058883,0.008169998374196874,0.001,0.02564368685880422
122048_1767706500,122048,0,0.04781558958021099,0.03588467574609773,0.006788237387075552,0.007053038348438221,0.007103677575293395,0.001,0.02149417666069556
122048_1767706800,122048,0,0.05136638161161758,0.07626737121873281,0.019852275095432605,0.02996167050893123,0.016925312894157565,0.001,0.04659634205644519
122048_1767707100,122048,0,0.055641095941055194,0.07504952338535165,0.01993701884932859,0.02608656412370611,0.022948195665639614,0.001,0.04899885952549563
122048_1767707400,122048,0,0.03492071648788151,0.07480817554188211,0.015822917282837676,0.01752125351511723,0.018997539099055355,0.001,0.046902857320468734
122048_1767707700,122048,0,0.041709805101015754,0.09194377836403256,0.014458605075986617,0.015881578774762834,0.016641679578454485,0.001,0.05429272897124352
122048_1767713400,122048,0,0.06688386686695723,0.06306770857691399,0.016254815588698998,0.018858505712220103,0.027785526100074603,0.001,0.0454266173384943
122048_1767713700,122048,0,0.056547345475029924,0.05044612466632712,0.03248196344832144,0.03843488633461277,0.029810965621202903,0.001,0.040128545143765015
122048_1767714000,122048,0,0.04451222656888088,0.04795661497725139,0.036413879866468435,0.04227751673673112,0.04146091372019423,0.001,0.04470876434872281
122048_1767714300,122048,0,0.08705858987083329,0.08355347035517328,0.02058682855524757,0.02186946780157847,0.02411215883952896,0.001,0.05383281459735112
122048_1767714600,122048,0,0.05321567472863118,0.04623783812169917,0.008915734313091448,0.008795218926037534,0.008487245673647979,0.001,0.02736254189767357
122048_1767714900,122048,0,0.04252167318731751,0.0326696764367824,0.00711610140266467,0.00763670451333002,0.007562794179550104,0.001,0.02011623530816625
122048_1767715200,122048,0,0.04252167318731751,0.03219847188719339,0.00711610140266467,0.00763670451333002,0.007562794179550104,0.001,0.019880633033371745
122048_1767715500,122048,0,0.05119225810513806,0.04533491683778186,0.008915734313091448,0.008877326500632894,0.008641667344963567,0.001,0.026988292091372712
122048_1767715800,122048,0,0.04252167318731751,0.03416893734545124,0.00711610140266467,0.00763670451333002,0.007562794179550104,0.001,0.02086586576250067
122048_1767716100,122048,0,0.047852961774111635,0.041346385581437134,0.008915734313091448,0.010553622712077139,0.008765844513232384,0.001,0.025056115047334758
122048_1767716400,122048,0,0.061543489229874564,0.10123064862540372,0.027336467881039595,0.03295637228905902,0.021570065368970517,0.001,0.06140035699718712
122048_1767716700,122048,0,0.045595258218783505,0.0752741234491742,0.020521147462306853,0.023147404395579885,0.020606355131976423,0.001,0.04794023929057531
122048_1767720000,122048,0,0.033662315389750876,0.024986524616648312,0.007562851010106301,0.009993937732908794,0.008081453316728139,0.001,0.016533988966688225
122048_1767720300,122048,0,0.03020783275640189,0.02497196185111399,0.00824004355740744,0.010210056611151158,0.008293858210491813,0.001,0.016632910030802903
122048_1767720600,122048,0,0.05192439883424592,0.05445897863587966,0.007311162521086714,0.008123859541203569,0.00744629961978884,0.001,0.03095263912783425
122048_1767720900,122048,0,0.04666426089800108,0.041916042059371376,0.007659272192914834,0.009195184755070585,0.007239686706440384,0.001,0.02457786438290588
122048_1767721200,122048,0,0.0647568709739113,0.04978828534812409,0.02076894657458224,0.023309332878001843,0.018586553629008528,0.001,0.03418741948856631
122048_1767721500,122048,0,0.04063382744102356,0.0390117161682216,0.023524229000919116,0.026871076799303947,0.023134090379775853,0.001,0.031072903273998725
122048_1767721800,122048,0,0.061155134094972946,0.06098904460797578,0.025447688854937908,0.02299947662276124,0.02875812177886342,0.001,0.0448735831934196
122048_1767722100,122048,0,0.06666914902279586,0.06818327883108785,0.02807183960070491,0.024841297115960236,0.04996239881817736,0.001,0.0590728388246326
122048_1767722400,122048,0,0.06998888748828389,0.10768840818979934,0.04025551377240482,0.04052162672536967,0.0629061462617029,0.001,0.08529727722575112
122048_1767722700,122048,0,0.07926238546498508,0.12236919880606616,0.03926559574969959,0.04164217242719018,0.05866724458683286,0.001,0.0905182216964495
122048_1767723000,122048,0,0.08309112411493916,0.08640810789125182,0.03469620329006746,0.03614124355140077,0.03871707618026296,0.001,0.0625625920357574
122048_1767723300,122048,0,0.11396992505746667,0.10701839793323183,0.11561235294896838,0.1272660849590458,0.1614285409426709,0.001,0.13422346943795135
122048_1767723600,122048,0,0.12060091513298322,0.10837595901062629,0.1688563183991951,0.191095861920911,0.19218423156151765,0.001,0.15028009528607197
122048_1767723900,122048,0,0.20180692655813726,0.17992158754714538,0.28177411325819973,0.2839475542858872,0.224658814799782,0.30084691687464304,0.2022902011734637
122048_1767724200,122048,0,0.2140184603276596,0.2097462302119571,0.25371327964157886,0.2920139905877002,0.3396603783690853,0.29070918828774484,0.2747033042905212
122048_1767724500,122048,0,0.10409451463196678,0.10356211008802024,0.024782696689574613,0.02957924772882283,0.02318548703440591,0.001,0.06337379856121307
122048_1767724800,122048,1,0.08355596058271136,0.07173400353415925,0.01041072418203448,0.014701288960384236,0.010214767629888884,0.001,0.04097438558202407
122048_1767725100,122048,1,0.2715817313791649,0.20560096545382492,0.1944520526144605,0.1365692735175007,0.1364733871809299,0.13518428023340068,0.17103717631737742
122048_1767725400,122048,1,0.44959947805605877,0.413388352464288,0.5184417372076622,0.44198209900192587,0.4310137206423291,0.6334586283199346,0.42220103655330854
122048_1767725700,122048,1,0.5179753993708837,0.6247273344093551,0.4202077959850464,0.42730015762505286,0.35703100685798395,0.7087646466181408,0.49087917063366954
122048_1767726000,122048,1,0.7582599392204702,0.7534517579837262,0.8064331778951164,0.8028130361791928,0.8296855786766736,0.8436450719577022,0.7915686683301999
122048_1767726300,122048,1,0.6898406411118932,0.6819957179631668,0.8222261160435972,0.8440128441283923,0.8345120036259723,0.999,0.7582538607945696
122048_1767727200,122048,0,0.28151827316697425,0.21974649523157702,0.1204714145911064,0.1262623662652352,0.09389451977708398,0.8894033480605947,0.1568205075043305
122048_1767728700,122048,0,0.048133937580503466,0.03718617553745446,0.007253370985918902,0.00996644220210277,0.007541290903955966,0.001,0.02236373322070521
122048_1767729000,122048,0,0.05181229116220237,0.03529088606522864,0.006654823098539431,0.009903088587934488,0.007921714361700518,0.001,0.02160630021346458
122048_1767729300,122048,0,0.08745371572661344,0.07320557838117878,0.008700966442629243,0.014163528982465035,0.009399900266506838,0.001,0.041302739323842805
122048_1767729600,122048,0,0.08728047363039106,0.06739125268660731,0.007780476410483285,0.011336492045293913,0.008531877461564174,0.001,0.03796156507408574
122048_1767729900,122048,0,0.09946888020553755,0.08910131854676541,0.05703307049755227,0.05863287892938819,0.06497104739877355,0.001,0.07703618297276948
122048_1767730200,122048,0,0.2706150148394164,0.2747511630431697,0.3187881973108399,0.2449605229154998,0.31405440404854384,0.2617524117460621,0.2944027835458568
122048_1767730500,122048,0,0.21115063844257734,0.30543259763777125,0.2921566500305464,0.24162187229300428,0.3611464870063289,0.3310775557721133,0.3332895423220501
122048_1767730800,122048,0,0.2628651940619761,0.4075592456409423,0.3523496788169883,0.2921244947071356,0.38460232688662455,0.37792899777446665,0.3960807862637834
122048_1767731100,122048,0,0.11667849378202741,0.15539530877763855,0.06113017938847053,0.06239863596994914,0.11220174179055038,0.0035393147756448418,0.13379852528409447
122048_1767733200,122048,0,0.0428231609576005,0.03651930726203156,0.007915332548843934,0.008932222599879908,0.00868779496348228,0.001,0.022603551112756918
122048_1767733500,122048,0,0.051573760612915485,0.05143379535154656,0.008302448350632626,0.009709335277721373,0.010476891532082633,0.001,0.030955343441814595
122048_1767733800,122048,0,0.06833593681957455,0.0717926647903025,0.01661564175613032,0.01900186568905507,0.018595405140028564,0.001,0.04519403496516553
122048_1767734100,122048,0,0.0703431256308311,0.1052265691517729,0.023923411983658167,0.029110835928295064,0.024764558404684976,0.001,0.06499556377822895
122048_1767734400,122048,0,0.04890104052661303,0.06972459644299248,0.024817875829940154,0.028956265597699034,0.027940791730083264,0.001,0.04883269408653787
122048_1767734700,122048,0,0.08692788590115608,0.06869785975333295,0.02317228991731362,0.03190320165971335,0.03127820365347321,0.001,0.04998803170340308
122613_1767689700,122613,0,0.1111776822792927,0.09349182115380171,0.03262148644872517,0.04470521361854309,0.028604485382378343,0.001,0.06104815326809003
122613_1767693600,122613,0,0.12286262311193358,0.1791495659368985,0.08607517592799788,0.11260736973729973,0.05937634825031698,0.001,0.11926295709360775
122613_1767693900,122613,0,0.10600666640872705,0.17595960400117625,0.07204435245055417,0.07157677342867966,0.08598762336599493,0.001,0.1309736136835856
122613_1767694200,122613,0,0.08496131707242831,0.17064251278857423,0.05653859339498148,0.06899248987646135,0.04793594578594374,0.001,0.10928922928725898
122613_1767694500,122613,0,0.0871720554604349,0.10780540610640872,0.028103780277152893,0.044184977167224686,0.04009180597553778,0.001,0.07394860604097325
122613_1767694800,122613,0,0.07778551232448896,0.13399543496633637,0.03810568453362245,0.05211371392918968,0.032348252952646754,0.001,0.08317184395949156
122613_1767695100,122613,0,0.08812481452295842,0.14863224698400646,0.05925806710088078,0.08663063201451439,0.05170910936168522,0.001,0.10017067817284583
122613_1767695400,122613,0,0.15589849974184675,0.1660621524115063,0.07009551609398242,0.11014029529779279,0.05405557563288129,0.001,0.1100588640221938
122613_1767695700,122613,0,0.16116106056353866,0.22214742121259054,0.08430393784986041,0.1402437004595398,0.09523460756996638,0.1936909751000928,0.15869101439127847
122613_1767696900,122613,0,0.1097203509903482,0.09333629416173693,0.04676715251459731,0.04540607468682986,0.026270176998459203,0.001,0.05980323558009806
122613_1767699000,122613,0,0.14210785523434466,0.10226615489249567,0.05787492456662123,0.0804377440786049,0.04781928267178964,0.001,0.07504271878214266
122613_1767699300,122613,0,0.14786284205550806,0.13714795779969696,0.10400635734952597,0.11113678623012828,0.10271368286596146,0.001,0.1199308203328292
122613_1767699600,122613,0,0.10908811081589437,0.13977964905976378,0.05218159102026076,0.06580754633050687,0.036984599907465485,0.001,0.08838212448361463
122613_1767699900,122613,0,0.11199941491016449,0.15726885450513736,0.09037366431650283,0.1088417329424656,0.08480870468271609,0.07576101498218368,0.12103877959392673
122613_1767700200,122613,0,0.12634892641346082,0.17697950907963905,0.08829069067953933,0.09753380077382755,0.08790551614369403,0.001,0.13244251261166654
122613_1767700500,122613,0,0.08861628015141246,0.13834656896057818,0.058375776473957405,0.05923681812553153,0.04795723571648359,0.001,0.09315190233853088
122613_1767700800,122613,0,0.09848532675078361,0.13420253560400056,0.04394909969315832,0.05753191976868425,0.03679610376227621,0.001,0.08549931968313838
122613_1767701100,122613,0,0.11058918975781362,0.1560634272131421,0.049111267091813154,0.06183213149451351,0.04413350209609359,0.001,0.10009846465461784
122613_1767701400,122613,0,0.11291586163874812,0.1543396123430135,0.043603927182905226,0.05603047238725565,0.06122972331942478,0.001,0.10778466783121914
122613_1767701700,122613,0,0.09498519186331066,0.10796387198007057,0.04490940555821309,0.05594402214619407,0.04809456317372482,0.001,0.0780292175768977
122613_1767702000,122613,0,0.08569412921549838,0.12254864413369054,0.03879671704461458,0.048841218423278175,0.03125056512360757,0.001,0.07689960462864906
122613_1767702300,122613,0,0.08444137246341245,0.12024660778491003,0.051416948474610966,0.06936851641538018,0.03836238553109819,0.001,0.07930449665800411
122613_1767705900,122613,0,0.09868417569762734,0.07240542760775281,0.037929486480665534,0.046028318442119395,0.03053583440149899,0.001,0.0514706310046259
122613_1767708000,122613,0,0.13388984977006874,0.1233714686621051,0.06261657624426019,0.08338948273726868,0.05489235492833286,0.001,0.08913191179521898
122613_1767708300,122613,0,0.14850229719620578,0.14891490260208476,0.1054261192919524,0.12501370655489222,0.07888722661141277,0.001,0.11390106460674876
122613_1767708600,122613,0,0.11124257809158516,0.12242122178889953,0.04346452322851859,0.05724442905896203,0.037276436989423435,0.001,0.07984882938916148
122613_1767708900,122613,0,0.10029653180925217,0.11920676591874402,0.07285079847146078,0.09806425406207367,0.060811691117992124,0.06207137931835793,0.09000922851836807
122613_1767709200,122613,0,0.12665581507682078,0.15019124884641943,0.05459564411507338,0.06915832720503527,0.07533040373243903,0.03941033571479091,0.11276082628942924
122613_1767709500,122613,0,0.12091530014226284,0.1668822138181701,0.06852532960515906,0.09178836366782067,0.07279095104920866,0.08064592745269694,0.11983658243368937
122613_1767709800,122613,0,0.11172994234853395,0.18661547364427472,0.05894929219521918,0.08883044668276038,0.07389461900571993,0.001,0.13025504632499732
122613_1767710100,122613,0,0.13360197740748447,0.1648068718270449,0.04839222484325795,0.06430502399790211,0.05386809848985666,0.001,0.10933748515845078
122613_1767710400,122613,0,0.11889783204262495,0.16109136212729416,0.04013526594478612,0.06326041880021754,0.050514532319291955,0.001,0.10580294722329306
122613_1767710700,122613,0,0.1258476450442675,0.11345268521498404,0.037372618471147465,0.05011517487685332,0.03607916953137449,0.001,0.07476592737317926
122613_1767711000,122613,0,0.09638239149856914,0.13471578762330788,0.04568228269602965,0.06132048886863245,0.03821472340425352,0.015336248835681188,0.0864652555137807
122613_1767711300,122613,0,0.12362251535466945,0.1278754668734186,0.07672067668307105,0.10186759231171,0.05884519614862092,0.0874258738416267,0.09336033151101976
122613_1767713400,122613,0,0.07887501769458881,0.05911314069803605,0.029856477203731125,0.03480634868093087,0.02453978664414715,0.001,0.0418264636710916
122613_1767713700,122613,0,0.15609290612330345,0.09976001578148705,0.039872719910502265,0.04937266191194895,0.04190327092826908,0.001,0.07083164335487807
122613_1767714000,122613,0,0.16741038837018712,0.11922572331951703,0.05184433694448295,0.06416389915751236,0.033354033453029126,0.001,0.07628987838627307
122613_1767714300,122613,0,0.1610506771055235,0.0852629326059895,0.040587007653323376,0.05083618478861577,0.03208190479122088,0.001,0.05867241869860519
122613_1767714600,122613,0,0.13862734590774606,0.07935566980365123,0.03863266736738604,0.05083618478861577,0.03024757185014451,0.001,0.05480162082689787
122613_1767714900,122613,0,0.11750782537642883,0.07499727754014686,0.04705636014114487,0.0638939426072614,0.034906649438823066,0.001,0.05495196348948496
122613_1767715200,122613,0,0.15428917577885742,0.09871178791516215,0.03965597079692139,0.04997224323087446,0.026623869610344218,0.001,0.06266782876275319
122613_1767715500,122613,0,0.13581178517734369,0.11854618205300187,0.04924770822002797,0.062373630350477126,0.03074515040402675,0.001,0.0746456662285143
122613_1767715800,122613,0,0.15919028807747584,0.18491685656401344,0.08262827729641038,0.09813532316835262,0.09231784354449277,0.1550451587121804,0.1386173500542531
122613_1767716100,122613,0,0.17872139085570962,0.16982237344777676,0.10417967838415126,0.11438385865207189,0.11378861245655718,0.16947069077118948,0.14180549295216696
122613_1767716400,122613,0,0.14590041538840542,0.18235728274938398,0.08210738481521677,0.09531821864179794,0.06558398748886447,0.029069775120380115,0.12397063511912423
122613_1767716700,122613,0,0.16405509695709702,0.17607931400600113,0.17581869243367784,0.2105386485710461,0.19593265705543433,0.2464992511594153,0.18600598553071773
122613_1767717000,122613,0,0.12572340134978147,0.1357039154869591,0.038676558877304965,0.053338883670448464,0.04328630804490593,0.001,0.08949511176593251
122613_1767717300,122613,0,0.11603386002504888,0.14305584182609818,0.04492466623048634,0.06808932491634787,0.062416171819742454,0.001,0.10273600682292032
122613_1767717600,122613,0,0.12148920401933495,0.1649235374551736,0.06857454546363888,0.06964033780279154,0.054164729978538564,0.023047727718193523,0.10954413371685609
122613_1767717900,122613,0,0.09015686489994018,0.13810983413440592,0.034846492457430836,0.04410724994997737,0.03225607168898133,0.001,0.08518295291169362
122613_1767718200,122613,0,0.16610715823298872,0.15199594944569675,0.1569330101434133,0.1721308445046517,0.1161651364893195,0.21495644893369592,0.13408054296750813
122613_1767718500,122613,0,0.16328909644543727,0.22008165132794932,0.18670191230443142,0.24183964368971314,0.2011393925038254,0.2646208891472578,0.21061052191588736
122658_1767681000,122658,1,0.5715831665767367,0.5047755991395978,0.5882982856080641,0.6039881420269643,0.567554142931712,0.6339809032724233,0.5361648710356549
122658_1767681300,122658,0,0.19511138025036276,0.2527923019538633,0.07400562558943799,0.0855014600010952,0.07657554471157106,0.05936636453609512,0.1646839233327172
122658_1767681600,122658,0,0.16547811267339194,0.16968402186408307,0.06261359908640564,0.07815279350405382,0.050123464922619716,0.1833875354843676,0.10990374339335139
122658_1767681900,122658,0,0.24717863541892857,0.24071301869018036,0.12335723048824877,0.13453239603435949,0.09810573530429205,0.12549307660073372,0.1694093769972362
122658_1767682200,122658,0,0.06006969689681143,0.06825700544428624,0.016981894593965596,0.017381023898963236,0.01873868491245178,0.001,0.04349784517836901
122658_1767682500,122658,0,0.06347739205940389,0.051372305415375054,0.018590585025054708,0.021395175982592614,0.016147118546660528,0.001,0.03375971198101779
122658_1767682800,122658,0,0.08365185740122193,0.08518877579470449,0.04366538718048277,0.04670607890466897,0.026355462434523406,0.001,0.05577211911461395
122658_1767683100,122658,0,0.056644497456671675,0.06441319881435591,0.02167305899405772,0.028586259602454034,0.012191282773891771,0.001,0.03830224079412384
122658_1767683400,122658,0,0.08370990562320049,0.10221037601708154,0.026222633263597556,0.03374176707881125,0.015827625303158982,0.001,0.05901900066012026
122658_1767683700,122658,0,0.141316138678757,0.14811743611495726,0.08327090236977298,0.12526187357248278,0.09587856671573697,0.001,0.12199800141534711
122658_1767684000,122658,0,0.10720656118305855,0.10397777068026783,0.023624507243865504,0.027964367084758315,0.023800871174444915,0.001,0.06388932092735637
122658_1767684300,122658,0,0.08044664726601973,0.08086296955937,0.03148825791542917,0.043152441320568884,0.02437395371888357,0.001,0.052618461639126785
122658_1767684600,122658,0,0.19686646254334728,0.19541150615701527,0.08826289247735893,0.13976749337644506,0.0699772991357885,0.16965682935533444,0.1326944026464019
122658_1767684900,122658,0,0.4226646132981889,0.38016829515275763,0.33979010522449105,0.45301730882736957,0.47315089770234564,0.44097302406105654,0.42665959642755164
122658_1767685200,122658,0,0.10442033880584255,0.09080879524158644,0.03244727272863281,0.04928956539367188,0.025978024166824463,0.001,0.05839340970420545
122658_1767685500,122658,0,0.09713154484825935,0.08466696743891365,0.06187210320623767,0.10018903089756184,0.0405895087591792,0.09199382661872546,0.06262823809904643
122658_1767685800,122658,0,0.11205910695142017,0.1019635890810169,0.04370777774956803,0.06468107580539346,0.041303951962080025,0.007950186893507682,0.07163377052154846
122658_1767686100,122658,0,0.07121634363206678,0.08869092126266405,0.03253992970571442,0.035250224000260566,0.0327005985098507,0.001,0.060695759886257375
122658_1767688200,122658,0,0.09780365487722417,0.13120120906834515,0.022723115699334863,0.04587038460689666,0.03221056486265661,0.001,0.08170588696550088
122658_1767688500,122658,0,0.08564503867322976,0.07720136948034578,0.01725866454494356,0.02274714022571019,0.013731692433517281,0.001,0.04546653095693153
122658_1767688800,122658,0,0.2580550232881045,0.22238060208530414,0.07305910464229544,0.14034002083929809,0.08696289920266917,0.3052335914711035,0.15467175064398664
122658_1767689100,122658,0,0.0626290495371689,0.048047769308885074,0.008785409712735722,0.011715201221619462,0.008473614156403174,0.001,0.028260691732644123
122658_1767689400,122658,0,0.059658491049272955,0.05122718088113195,0.020728149948664232,0.03157230062434985,0.01482980795076669,0.001,0.03302849441594932
122658_1767689700,122658,0,0.05827553370396755,0.057434794914067534,0.018687846605646853,0.029045492768511358,0.022181030781499998,0.001,0.03980791284778377
122658_1767690000,122658,0,0.07226617560423536,0.07475658123786078,0.019941359762383485,0.032558884226289275,0.017596805223057798,0.001,0.04617669323045929
122658_1767690300,122658,0,0.060245291505869235,0.06709311835019813,0.016065809422981008,0.022704032825930115,0.010326139653547468,0.001,0.038709629001872796
122658_1767690600,122658,0,0.06389348734791236,0.08158584532463142,0.01747260001669909,0.025310575063934197,0.011971059044728474,0.001,0.04677845218467995
122658_1767690900,122658,0,0.06492625178723163,0.06985407629326941,0.012113964734510353,0.016224750823189724,0.009379619471100234,0.001,0.03961684788218482
122658_1767700800,122658,0,0.11357643024156623,0.09772374508507521,0.02659803446165423,0.047910351984006595,0.020539904120191996,0.001,0.0591318246026336
122658_1767701100,122658,0,0.5754558427470529,0.48416430425613805,0.3426910394736039,0.4447001904114548,0.28758450547663605,0.5915386810288803,0.385874404866387
122658_1767701700,122658,0,0.09195330935784873,0.10700474552572942,0.02897115280923027,0.05271338928633429,0.038041928606379366,0.001,0.07252333706605439
122658_1767702000,122658,0,0.0900267780629957,0.08777445184787605,0.03785442745228602,0.06054206249704127,0.019884095855080126,0.001,0.053829273851478086
122658_1767702300,122658,0,0.19328553581148158,0.2541240583233215,0.08388774888903303,0.14724340861248972,0.06553937195956859,0.0938494267628961,0.15983171514144506
122658_1767702600,122658,0,0.06016892175894143,0.07726452601538672,0.01717295460018146,0.022955747683603558,0.017003979077534422,0.001,0.04713425254646057
122658_1767702900,122658,0,0.0645373833289188,0.07873069831711262,0.021517525310327655,0.02805471302800262,0.015649527208407878,0.001,0.04719011276276025
122658_1767703200,122658,0,0.08023915296816167,0.08970929991542483,0.02601290059476921,0.03992401292666685,0.021213715156082856,0.001,0.05546150753575384
122658_1767703500,122658,0,0.04765786749557467,0.053661237966097,0.008437108467842342,0.011636722273498398,0.010337082250655237,0.001,0.03199916010837612
122658_1767703800,122658,0,0.061385078009291716,0.07523970038598794,0.013763068819279306,0.019340805706242983,0.012815808569905426,0.001,0.044027754477946685
122658_1767704100,122658,1,0.11744316029661286,0.13061240836025892,0.05327724652572809,0.08421936847867445,0.05669689392595759,0.001,0.09365465114310825
122658_1767704400,122658,1,0.09417792356596634,0.09014326641848978,0.016425146168514534,0.02118083456795484,0.0178322654877162,0.001,0.05398776595310299
122658_1767704700,122658,1,0.14503242269771416,0.21067628995463333,0.03883019260578767,0.05710079671207779,0.04173011609303528,0.001,0.1262032030238343
122658_1767705000,122658,1,0.7267663126420062,0.5748660852915153,0.6178186699197609,0.6820270651219442,0.5338559887939467,0.8525130468042623,0.554361037042731
122658_1767705600,122658,0,0.4076746223731687,0.4459227450068554,0.5236840350248518,0.6013921869724163,0.42320322319384157,0.8944998621056244,0.4345629841003485
122658_1767705900,122658,0,0.3172248773105155,0.34213542897835464,0.22493021866031274,0.24654401986769126,0.18594605600383213,0.6507411601587675,0.2640407424910934
122658_1767713100,122658,0,0.02947259709848361,0.0325526673865152,0.009101233491518451,0.012120357551693897,0.013579443368874839,0.001,0.02306605537769502
122658_1767713400,122658,0,0.034276071924854705,0.0390917054900934,0.023224636885208,0.03592692977836389,0.024355078878971485,0.001,0.03172339218453244
122658_1767713700,122658,1,0.05822964127388991,0.07369467777921321,0.01710089280278553,0.01974588342628897,0.01700957359157256,0.001,0.04535212568539288
122658_1767714000,122658,1,0.07950698378492994,0.1349626270916748,0.03658724625795183,0.08911798165986252,0.03829414596666809,0.001,0.08662838652917144
122658_1767714300,122658,1,0.1029731151983923,0.150330346315356,0.03906408166419207,0.0668044514250587,0.023395908172215072,0.001,0.08686312724378553
122658_1767714600,122658,1,0.3228735815977391,0.39129590977152984,0.10110840414093124,0.1966198792175424,0.13729161751526547,0.42841013049661303,0.26429376364339763
122658_1767714900,122658,0,0.2848913356873744,0.28093521305159,0.0666508902270304,0.1397689096997614,0.05600122452095887,0.5118004604061288,0.16846821878627444
122658_1767715200,122658,0,0.40080236828280474,0.5319900179879156,0.36007088561299827,0.4202091530997656,0.47424645848110997,0.999,0.5031182382345127
122658_1767715500,122658,0,0.17704345867183574,0.3147235630417824,0.06556824699697623,0.08221819199829057,0.13198706610380825,0.5171890516617598,0.22335531457279534
122658_1767715800,122658,0,0.08202899907215412,0.14228300215754733,0.06546458897330887,0.07697854195598004,0.04591729310614911,0.001,0.09410014763184822
122658_1767716100,122658,0,0.06343076829195729,0.11452142368650531,0.02114559639294179,0.027355045981349833,0.024774754752966918,0.001,0.06964808921973611
122658_1767716400,122658,0,0.06265877324945429,0.11504718876114764,0.02086613740319955,0.028233924270219722,0.028307680945092614,0.001,0.07167743485312013
122658_1767716700,122658,0,0.08297807840456523,0.1004101235902999,0.03252932763340344,0.03753389388521605,0.021569771499033465,0.001,0.06098994754466668
122658_1767717000,122658,0,0.07800837255415984,0.12314703168168,0.02134644434645293,0.027818234327750584,0.013715837491037067,0.001,0.06843143458635853
122658_1767717600,122658,0,0.05205242090445269,0.07977448509141968,0.01691869959015536,0.029265720381474895,0.014656599760499413,0.001,0.047215542425959545
122658_1767717900,122658,0,0.04333675096954879,0.04877586678572776,0.014663569514541477,0.020992784306524574,0.018773399611868507,0.001,0.033774633198798136
122658_1767718200,122658,0,0.06064123233666554,0.06683008799020394,0.038972552916374546,0.05493401147089189,0.03694137670103803,0.001,0.05188573234562099
122658_1767718500,122658,0,0.06390541193256578,0.089380993048347,0.018053559001628926,0.023176168072412046,0.017013338026132783,0.001,0.05319716553723989
122658_1767718800,122658,0,0.08180575151024251,0.1012266929503832,0.015239130377238428,0.01749676612674136,0.011478643523718244,0.001,0.05635266823705072
122658_1767719100,122658,0,0.2533502864228207,0.22716580526785526,0.08666358900339893,0.13109757239532152,0.08984351499183837,0.21101793832538762,0.15850466012984682
122658_1767719400,122658,0,0.4076139309939,0.46486774606875864,0.11415169071360143,0.18853567383352018,0.14898977117679124,0.519720852776907,0.3069287586227749
122658_1767719700,122658,0,0.1347462180623285,0.23632808185059745,0.035561536862576716,0.061961225864758315,0.050606224289385396,0.007056879587653775,0.14346715306999142
122658_1767720000,122658,0,0.16582479853349627,0.18822892148882056,0.06873577516047318,0.12501420179734773,0.06999128071504115,0.044485615995878525,0.12911010110193086
122658_1767720300,122658,0,0.0972426375656005,0.16877507978909032,0.05289318423485196,0.07178401764648784,0.04871619919783875,0.001,0.10874563949346452
122658_1767720600,122658,0,0.06682388508993108,0.14102473317479725,0.024638958298897288,0.03738299451837444,0.03307632000340197,0.001,0.0870505265890996
122658_1767720900,122658,0,0.09059914960434548,0.11288231325413992,0.04104046583671088,0.05516831719155396,0.030679058743620927,0.001,0.07178068599888042
122658_1767721200,122658,0,0.06847597774144464,0.06874294249054279,0.015390279071086397,0.02131121327204549,0.01607968289759085,0.001,0.04241131269406682
129964_1767666600,129964,0,0.057035730565332926,0.07352613108422933,0.034302751207966206,0.03835621339580736,0.045543466136173515,0.001,0.05953479861020142
129964_1767666900,129964,0,0.051181965247179814,0.0606283660329097,0.02284829676410475,0.02294802624005514,0.015166779985899163,0.001,0.03789757300940443
129964_1767667200,129964,0,0.07848851414395801,0.08850982510164307,0.04526970971205697,0.04945310766159045,0.04676270557882719,0.001,0.06763626534023513
129964_1767667500,129964,0,0.074251126254376,0.11415506140706755,0.044206499577716434,0.05339504627179006,0.07009146136099878,0.015863075434323415,0.09212326138403316
129964_1767667800,129964,0,0.06007855666849765,0.07065543827881843,0.03362785604525895,0.030829118956559362,0.036683685778512304,0.001,0.053669562028665366
129964_1767668100,129964,0,0.05835347996403911,0.08404270792511222,0.050026174788711755,0.043862625613795565,0.0661082333560631,0.001,0.07507547064058766
129964_1767670200,129964,0,0.10071778901599324,0.0986320650329824,0.12478891098218062,0.09151460964615996,0.11801555606805926,0.049662205056465125,0.10832381055052083
129964_1767670500,129964,0,0.06225754022220368,0.07787624784376727,0.020324798783947797,0.019620903298623184,0.0348707433032895,0.001,0.05637349557352839
129964_1767670800,129964,0,0.17348289708760117,0.1514295424251991,0.10345839595238741,0.11759467972656114,0.07921313477449021,0.21021472964981902,0.11532133859984466
129964_1767671100,129964,0,0.10104490760397866,0.13763113799419396,0.07688766489204221,0.09972497585111986,0.13792742848926748,0.12915013789796204,0.13777928324173072
129964_1767671400,129964,0,0.061461372845107616,0.08090135678390244,0.023625342643484665,0.02328863635396904,0.03831353434150993,0.001,0.05960744556270618
129964_1767671700,129964,0,0.06993972859601172,0.0853437559245463,0.03326184912122368,0.034266348713608646,0.02929289374596592,0.001,0.057318324835256104
129964_1767672000,129964,0,0.10191997735672084,0.09214958859558492,0.07289326176565186,0.07890262338141266,0.05654803585648683,0.001,0.07434881222603587
129964_1767672300,129964,0,0.07272736996602924,0.07370322079767753,0.020517816665392916,0.02819646636999059,0.018452897462406703,0.001,0.04607805913004212
129964_1767672900,129964,0,0.056098734385704466,0.04285743800466034,0.019985054693893358,0.020912359077223996,0.02044701903673421,0.001,0.031652228520697274
129964_1767673200,129964,0,0.06058708616381922,0.0823560799646073,0.035377039304638494,0.050289969796830154,0.07632653493675456,0.001,0.07934130745068094
129964_1767673500,129964,0,0.10047618215992359,0.11192571712525609,0.07367315503089586,0.07787942834031332,0.08024605002437288,0.001,0.09608588357481448
129964_1767673800,129964,0,0.1434621950426647,0.14417376575734975,0.24257851465512714,0.23417057845702394,0.19257908753126696,0.001,0.16837642664430835
129964_1767674100,129964,0,0.12533542392659683,0.12435161289409127,0.29735681833886873,0.27320873669768697,0.3380266399431997,0.10656533018344949,0.23118912641864547
129964_1767674400,129964,0,0.06922800569664089,0.08061447542169063,0.04206937047305981,0.03950446997732108,0.08000943126111565,0.001,0.08031195334140315
129964_1767674700,129964,0,0.04790663577311629,0.056794454966879945,0.029932208623240815,0.03155807085577324,0.023364053811127036,0.001,0.04007925438900349
129964_1767675000,129964,0,0.11147390968120685,0.1302359881455225,0.14411799944741124,0.14737412217685597,0.16324745929185785,0.03039846372073829,0.14674172371869018
129964_1767675300,129964,0,0.10250265871516165,0.14074315267790116,0.08291298653174513,0.09099686909956266,0.106820421513581,0.0419311836121985,0.12378178709574109
129964_1767675600,129964,0,0.10031020044067918,0.118479249035831,0.09045830090129311,0.07552810169450984,0.08519250091116996,0.001,0.10183587497350048
129964_1767675900,129964,0,0.16934145835680744,0.19431642055727957,0.24294043097477833,0.20444715972502828,0.24561306521437756,0.2261003019129253,0.21996474288582857
129964_1767676200,129964,0,0.11200891261771992,0.13406027456314262,0.07905364809628909,0.08764968482292121,0.06872223251128642,0.024578076532341342,0.10139125353721452
129964_1767680400,129964,0,0.09133334608895224,0.09513361979803632,0.027726370844705986,0.026853448578335968,0.02035300510197634,0.001,0.05774331245000633
129964_1767680700,129964,0,0.10189563173099042,0.09617813772143986,0.028286117057589624,0.026732626280635715,0.027925861165804165,0.03532866311433236,0.06205199944362201
129964_1767681000,129964,0,0.23962483934611123,0.251945909867755,0.09960307930261304,0.08314669613613536,0.08807310287049827,0.2990734605468778,0.17000950636912665
129964_1767681300,129964,0,0.0886893701213025,0.10321044108355984,0.028067881811202303,0.03223373778381719,0.026656107848181267,0.001,0.06493327446587055
129964_1767681600,129964,0,0.07398609869202347,0.08176713314917755,0.034691357020860854,0.04213408062398515,0.031600096302355385,0.001,0.05668361472576647
129964_1767681900,129964,0,0.07551384797995231,0.08132835859512763,0.05101240449892739,0.04941523070784278,0.04810298123338596,0.001,0.0647156699142568
129964_1767682200,129964,1,0.1344601447466975,0.14775318163357112,0.050921872568048664,0.05700823287123446,0.08572057843844638,0.08211652614845577,0.11673688003600875
129964_1767682500,129964,0,0.140608059770229,0.11137831298492284,0.06584714296095343,0.08306712961588374,0.04526414527047945,0.20154137586846177,0.07832122912770115
129964_1767682800,129964,0,0.34095739084459054,0.36706385000783576,0.2975948145254715,0.3440137367857702,0.4141350123876738,0.435502455318155,0.39059943119775475
129964_1767683100,129964,1,0.25175546651380293,0.25702255180270417,0.304041294742078,0.2897903952333167,0.3759387173814796,0.35424496912642134,0.31648063459209186
129964_1767683400,129964,0,0.17429883122521483,0.1702566103087139,0.21502981969165152,0.2203164370931845,0.21834161412655514,0.14687804015185146,0.19429911221763452
129964_1767683700,129964,0,0.3506648345833499,0.4096012482590733,0.3147479808758703,0.3356713412903694,0.27393676767677927,0.40228366567108187,0.3417690079679263
129964_1767684000,129964,0,0.156271975444019,0.14969529412728866,0.09341775669776273,0.09916418152129258,0.07409000724366975,0.13139431318819117,0.11189265068547921
129964_1767684600,129964,0,0.13114037154420116,0.13781834542318805,0.06138459487555437,0.0654058641284731,0.058876341995837994,0.001,0.09834734370951302
129964_1767684900,129964,0,0.13188528727879045,0.11542984963539284,0.05489867109289504,0.05478885525165022,0.12029230176557543,0.001,0.11786107570048412
129964_1767685200,129964,0,0.2817777088412584,0.29944848183728456,0.2264943831686961,0.2274665551351023,0.24491929287074066,0.3773098786283746,0.2721838873540126
129964_1767685500,129964,0,0.09469905291143367,0.11630332544368202,0.03571708348801324,0.04295270708340698,0.03703775958496954,0.001,0.07667054251432578
129964_1767685800,129964,0,0.08504805012491869,0.09614443528896674,0.040741998258340614,0.04983185573713296,0.042921191859541234,0.001,0.06953281357425399
129964_1767686100,129964,1,0.08708849429112486,0.08542920190323486,0.058463705442351244,0.07193827234189336,0.05936816606106645,0.001,0.07239868398215066
129964_1767686400,129964,0,0.052073535384409037,0.06068493162259496,0.028425241208638416,0.028538261357933345,0.028971880157321567,0.001,0.04482840588995826
129964_1767686700,129964,0,0.14882881648208224,0.161666510188164,0.06429252296448244,0.0816139224304131,0.04864791028150983,0.24992082321397646,0.10515721023483691
129964_1767687000,129964,0,0.18377682799226758,0.2234463800362556,0.12814082704611032,0.12526052776380125,0.24543929410992513,0.3370813168569238,0.23444283707309038
129964_1767687300,129964,0,0.08941089771457013,0.11069355593503843,0.07346051713715653,0.060765006722649104,0.10301055210561541,0.001,0.10685205402032692
129964_1767687600,129964,0,0.060350650408547625,0.06393910416357917,0.03839360951785666,0.03864173481981434,0.03885104768589738,0.001,0.05139507592473828
129964_1767687900,129964,0,0.11433606834512579,0.12400453205449392,0.06213245474305379,0.05959175160344265,0.05580620595017202,0.16475854543460933,0.08990536900233298
129964_1767690000,129964,0,0.07648419046442291,0.09387399920551139,0.04413631968197637,0.04567738713103915,0.050471850103034184,0.001,0.07217292465427279
129964_1767690300,129964,0,0.07564945832053858,0.0846234307979963,0.04113632665248661,0.040699799459723664,0.05816209182342684,0.001,0.07139276131071157
129964_1767690600,129964,0,0.10890867855458315,0.12975651409713024,0.047133518634854536,0.048548127226725406,0.10847751324183504,0.1160396235173573,0.11911701366948263
129964_1767690900,129964,0,0.1353284290890692,0.12858483712710048,0.06877584100386513,0.07996706621771561,0.037960866738023576,0.21249343027098555,0.08327285193256202
129964_1767691200,129964,0,0.14739841736142434,0.15628990132467516,0.11170312267897183,0.09908173098496138,0.2065391231522411,0.1718869403317237,0.18141451223845811
129964_1767691500,129964,0,0.12689089623641392,0.13732027467337396,0.05655196133465122,0.06549341555335758,0.09529112243135703,0.14859975787371527,0.1163056985523655
129964_1767691800,129964,0,0.11854276141037363,0.11486856857053644,0.05283178483438072,0.049507276569428625,0.07124678175689779,0.051323387771783135,0.09305767516371712
129964_1767692100,129964,0,0.12960107649161662,0.1335293421610173,0.10925255294778162,0.08053272013696133,0.14409259029022306,0.1046261710597568,0.13881096622562017
129964_1767692400,129964,0,0.14140286604478655,0.11228949404804162,0.06348588079841233,0.06723761269483121,0.03971123713348262,0.12543280584947003,0.07600036559076212
129964_1767695400,129964,0,0.09448204411202368,0.06985077038614883,0.02243040604511897,0.02402654395566926,0.020813013320844103,0.1330006870957262,0.04533189185349647
129964_1767695700,129964,0,0.1037324659193545,0.0798552602385693,0.03510780146386001,0.036384919481275806,0.035723095272595255,0.15970347102561477,0.057789177755582274
129964_1767696000,129964,0,0.1464611086460159,0.10916724102304844,0.07306923110377285,0.06679460704990584,0.05944532565422024,0.17191653557706021,0.08430628333863434
129964_1767696300,129964,0,0.11310574419113026,0.1234058752918008,0.02917835489517985,0.03579588758189051,0.03276189685537148,0.001,0.07808388607358614
129964_1767696600,129964,0,0.08338924746855608,0.10626544795751669,0.09775795141186715,0.13165698183197422,0.07286322407790655,0.001,0.08956433601771162
129964_1767696900,129964,0,0.2121541626616892,0.1761316154449378,0.20466771664664435,0.20633435226564817,0.18727719403093993,0.32719953795550893,0.18170440473793886
129964_1767697200,129964,0,0.15669107391065656,0.1673478196088703,0.04931730969933943,0.05221706931705343,0.11965455721439451,0.2200439731968824,0.1435011884116324
129964_1767697500,129964,0,0.1443747899809493,0.17182956112654146,0.0596937539855519,0.07027738651731051,0.08168483553258085,0.001,0.12675719832956117
129964_1767697800,129964,0,0.1446426778939785,0.17387034869239348,0.05875456228244595,0.06506531456451473,0.05072376152602393,0.22566850725026755,0.1122970551092087
129964_1767698100,129964,0,0.1330792027392944,0.17331747645208168,0.11136729471548583,0.10016138695962629,0.2396839855702455,0.2529476289842797,0.2065007310111636
129964_1767698400,129964,0,0.06357486522868529,0.08328149440899271,0.023711338514001385,0.021389718837022644,0.04821570505256004,0.001,0.06574859973077637
129964_1767698700,129964,0,0.05954070798740848,0.0691921172422739,0.02892578579465828,0.02996130265292395,0.025844886037710967,0.001,0.04751850163999244
129964_1767699000,129964,0,0.0442770935995457,0.06461386118969384,0.027312170764547092,0.02796798917208018,0.02706280057249198,0.001,0.04583833088109291
129964_1767699300,129964,0,0.05848667392422814,0.07751233824779166,0.020412745050111772,0.02152851043437917,0.020979297850734397,0.001,0.04924581804926303
129964_1767699900,129964,0,0.0801662770855363,0.08920234753754781,0.03813812537320086,0.039637499299972644,0.027641566572337427,0.007227044100230784,0.058421957054942616
129964_1767700200,129964,0,0.08469770543720406,0.10111197569342498,0.04209393525292571,0.04898867356338809,0.1020669097205531,0.1208612385013117,0.10158944270698904
129964_1767700500,129964,0,0.11857147577935431,0.15506867754651474,0.10260523830941995,0.08339770460580359,0.1157408841740377,0.11463584409786098,0.1354047808602762
129964_1767704400,129964,0,0.04494831386314815,0.06423482060239409,0.010803882539007196,0.01205570883117115,0.011702821179788603,0.001,0.03796882089109135
129964_1767704700,129964,0,0.05621754203641751,0.07369311888590452,0.019324372940794927,0.020551285015254703,0.021832912830633013,0.001,0.04776301585826877
129964_1767705000,129964,0,0.10247535497674158,0.12449941284497507,0.029559576314699094,0.033617975172944625,0.033737648152757725,0.001,0.0791185304988664
129964_1767705300,129964,0,0.07296671030769294,0.09394757429786059,0.08062406579679765,0.07917665722985687,0.09137229882893588,0.001,0.09265993656339824
129964_1767705600,129964,0,0.07080024661360267,0.07399755847696439,0.045314509961776585,0.0380220848636754,0.035481522394576935,0.001,0.05473954043577066
129964_1767705900,129964,0,0.043195447065701206,0.057555613621884785,0.015633403220356123,0.01501225318443523,0.01587192090410371,0.001,0.036713767262994246
129964_1767706200,129964,0,0.04257403764864368,0.05736390855572561,0.018216256086376847,0.02085911108182802,0.012486725864382271,0.001,0.034925317210053944
129964_1767706500,129964,0,0.056834980708526425,0.07089150501773268,0.022184657400105626,0.028783159307003637,0.01865972580399185,0.001,0.044775615410862266
129964_1767706800,129964,0,0.05463794750353138,0.09915472220074621,0.024847935355903933,0.028993117230906622,0.027787164591335286,0.001,0.06347094339604074
129964_1767707100,129964,0,0.06421530322311784,0.0832958942152484,0.018147828110652183,0.019461112301741888,0.03378964991151897,0.001,0.05854277206338368
129964_1767707400,129964,0,0.05513931394476042,0.07641306694600744,0.025425582781261086,0.025619026806056423,0.030009515547875103,0.001,0.053211291246941274
129964_1767707700,129964,0,0.0415023541757924,0.051163951967699316,0.0277451640974183,0.02913106643169762,0.022242920974831045,0.001,0.03670343647126518
129964_1767708000,129964,0,0.05364765141325654,0.06659820571930179,0.02651550558392757,0.02755337953009031,0.024084375848781463,0.001,0.04534129078404163
129964_1767708600,129964,0,0.0490614966593183,0.046404776572210975,0.010959682453052295,0.011324356826268507,0.007862398393442308,0.001,0.02713358748282664
129964_1767708900,129964,0,0.04885531680072769,0.06705359187204728,0.02892985649003164,0.034741515882657184,0.05760943161914387,0.001,0.06233151174559558
129964_1767709200,129964,0,0.08650625950202719,0.11421986165127021,0.046060962312533836,0.05427197765982562,0.05057272070149188,0.001,0.08239629117638105
129964_1767709500,129964,0,0.0702291833130139,0.09774497672138258,0.02532778489448041,0.03024910012338825,0.030872686460471466,0.001,0.06430883159092703
129964_1767709800,129964,0,0.0726697300528946,0.085560772799534,0.02866983801329885,0.035800050064095784,0.03636866460142796,0.001,0.06096471870048098
129964_1767710100,129964,0,0.060943612409506465,0.07695205234218483,0.014357650541024985,0.01653068288126612,0.025142564298542072,0.001,0.05104730832036345
129964_1767710400,129964,0,0.041325788151284126,0.045069500024636,0.019162879742818124,0.0206179806199299,0.017299915339986996,0.001,0.031184707682311498
129964_1767710700,129964,0,0.03856757130753139,0.04256535758649939,0.016449605853118714,0.017247239064812382,0.013294409059825317,0.001,0.027929883323162354
129964_1767711000,129964,0,0.046274214859011176,0.08604647589812688,0.022191521249923872,0.02478197056571616,0.03764480188928882,0.001,0.06184563889370785
129964_1767711300,129964,0,0.08407967451802888,0.11019972806888224,0.038102180642110656,0.04426259316685736,0.07147005629786088,0.001,0.09083489218337157
129964_1767713400,129964,0,0.2706702853209408,0.18106499976654317,0.17100977380228224,0.18027389056800436,0.12986232972050277,0.5013463070144859,0.15546366474352297
129964_1767713700,129964,0,0.0935931513616808,0.08704060017783141,0.02612756605734936,0.030772332257904524,0.025566892565361318,0.001,0.056303746371596367
129964_1767714000,129964,0,0.08333405730339624,0.09181206049930288,0.10800985052285002,0.1369607024076363,0.09084534941709006,0.001,0.09132870495819648
129964_1767714300,129964,0,0.0755050097001737,0.07922267676861494,0.07458714986000127,0.07169280194783052,0.051646980658480716,0.001,0.06543482871354783
129964_1767714600,129964,0,0.0572692688892601,0.0813164072355088,0.02138483100507097,0.02709030915604726,0.0547471438933875,0.001,0.06803177556444814
129964_1767714900,129964,0,0.09466222716863126,0.09217709529228767,0.05006948323457144,0.056173194390773826,0.047410720552984106,0.07795825715410976,0.06979390792263589
129964_1767715200,129964,0,0.046695431506737876,0.05014065870628842,0.022602007780844764,0.026917691492696055,0.020895446863797167,0.001,0.035518052785042796
129964_1767715500,129964,0,0.05665774634507503,0.08482856595755976,0.025892961150562353,0.03273923031898617,0.029597787646969947,0.001,0.057213176802264856
129964_1767715800,129964,0,0.060314652571781605,0.07596192039468945,0.03810337837060902,0.03757959164091401,0.03754393071466669,0.001,0.05675292555467807
129964_1767716100,129964,0,0.05773172425180938,0.0778292543256463,0.021765346885471794,0.026395633600749743,0.028672351653841587,0.001,0.053250802989743946
129964_1767716400,129964,0,0.043354719876185124,0.04846935481004452,0.020759511334567826,0.019556921556980744,0.01472149450948205,0.001,0.03159542465976328
129964_1767716700,129964,1,0.05791694815192628,0.06252036225179813,0.021127835569606495,0.02371494392533543,0.02007537921533695,0.001,0.04129787073356754
129964_1767717300,129964,0,0.04661162634857691,0.0391312269895308,0.010713249116027676,0.011375581048272422,0.007532368822645599,0.001,0.023331797906088202
129964_1767717600,129964,0,0.04556646526126401,0.038967702937198236,0.008662175088811374,0.008352559272279441,0.009208082793367415,0.001,0.024087892865282824
129964_1767717900,129964,0,0.08646667978332401,0.08087216315094062,0.0475051399715022,0.05651942549290646,0.04770055993659097,0.001,0.0642863615437658
129964_1767718200,129964,0,0.07132949056182933,0.08590541214023242,0.033690934063435145,0.04079044734985368,0.031783709481730954,0.001,0.05884456081098169
129964_1767718500,129964,0,0.09664778737532048,0.11552128315630773,0.059094392388473936,0.07253188612254619,0.07016151510576686,0.001,0.0928413991310373
129964_1767718800,129964,0,0.1430867003339186,0.16627771074777753,0.17429451270188842,0.15568018099753247,0.19257713812614657,0.2075879620443819,0.17942742443696205
129964_1767719100,129964,0,0.079308378796653,0.08639437425844765,0.03868313966132095,0.035972159991157916,0.062297737186668464,0.03709630455879109,0.07434605572255806
129964_1767719400,129964,0,0.05986547662083192,0.07094630028600508,0.03906907020406492,0.04344836602046493,0.03165320122286695,0.0070330895870197585,0.05129975075443602
129964_1767719700,129964,0,0.04995891507278913,0.07293745081709102,0.031243252665346295,0.0365002190821902,0.05977352648943673,0.001,0.06635548865326388
129964_1767720000,129964,0,0.09230248069123526,0.11340130869201534,0.05915605417570448,0.06375488628422694,0.06440688904695374,0.001,0.08890409886948454
129964_1767720300,129964,0,0.05904075747393538,0.07285895869244646,0.032101158532965614,0.0310341819210932,0.026535428390416907,0.001,0.049697193541431685
129964_1767720600,129964,0,0.04585868107336673,0.08693740137264866,0.0183472109178425,0.01701514791568655,0.028565450086044594,0.001,0.05775142572934663
129964_1767720900,129964,0,0.04615717767946532,0.04524886933361364,0.02093312601772049,0.021295926621556566,0.014233743566102805,0.001,0.029741306449858222
130072_1767730200,130072,0,0.06427116102187377,0.06178406525179252,0.024310960855357146,0.03688450088544268,0.024160673676427505,0.001,0.04297236946411001
130072_1767730500,130072,0,0.060167991423376505,0.06598052870974262,0.01837792166153036,0.03132865891967222,0.028118142510904446,0.001,0.04704933561032353
130072_1767730800,130072,0,0.11739341215565247,0.1337548212438633,0.03974228620905572,0.058405773920723415,0.04890205615471646,0.001,0.09132843869928987
130072_1767731100,130072,0,0.2589284440560766,0.2919445155252528,0.09057820568826626,0.18143410928809228,0.07769421065268022,0.19263864042099188,0.18481936308896652
130072_1767731400,130072,0,0.3769393355671032,0.43669766495836937,0.15898312063905462,0.36974045798659694,0.1307904115590581,0.31264216199999373,0.28374403825871375
130072_1767731700,130072,0,0.1724162726650278,0.19753739231185213,0.03197629376925065,0.05072986014956902,0.028632163900354852,0.001,0.1130847781061035
130072_1767732000,130072,1,0.1927266799570865,0.21153903815100789,0.07735252669447318,0.18388648458405668,0.06807287741970514,0.08264725185789601,0.1398059577853565
130072_1767732300,130072,1,0.229565408333619,0.19369532669866626,0.08732569097033227,0.23544395920993821,0.07688047137865985,0.001,0.13528789903866306
130072_1767732600,130072,1,0.6039289437230132,0.6407928753791071,0.4388952044565426,0.722100547344958,0.48947452699798094,0.43866495376941617,0.565133701188544
130072_1767732900,130072,1,0.40790044567652606,0.5628872020711267,0.15749603589757277,0.4339576823479113,0.1988860195596638,0.39764504791093036,0.38088661081539527
130072_1767733200,130072,0,0.35355503480081074,0.49146099972920043,0.12734579115611494,0.227675197780364,0.20306670173224323,0.316027540420978,0.34726385073072186
130072_1767733500,130072,0,0.27629522530300166,0.4297194868897074,0.1278750488407769,0.27573330917631356,0.20348117675811112,0.27770798802058194,0.31660033182390923
130072_1767733800,130072,1,0.16054363829287405,0.3277881044039461,0.08233122995384376,0.15042389775002724,0.12510952029780353,0.23050418320706723,0.22644881235087483
130072_1767734100,130072,1,0.14244894861504195,0.25920930987666385,0.06676129387959452,0.1755317059841486,0.11313982883410297,0.009935014365324069,0.1861745693553834
130072_1767734400,130072,1,0.17278472885240848,0.2728561361488186,0.052607887865226695,0.12324404906443294,0.10024237535967499,0.0804640957209598,0.1865492557542468
130072_1767734700,130072,0,0.1765750431974694,0.33876829014398024,0.08272742252303936,0.13802418160149568,0.13561702862775396,0.23405546131231403,0.2371926593858671
130072_1767735000,130072,0,0.14026301442380779,0.21253141029017722,0.06415926927650276,0.1313402675620702,0.10347561899355662,0.1855025198811594,0.1580035146418669
130072_1767735300,130072,0,0.12807397543677573,0.1938700032964451,0.060295321801761684,0.13649508669717025,0.09024887449037833,0.20808324262233868,0.14205943889341172
130072_1767735600,130072,0,0.10202772491085596,0.15541645726417844,0.023620455963859418,0.04048279700851766,0.016864103874307028,0.001,0.08614028056924274
130072_1767735900,130072,0,0.10776151530925471,0.16277025791870225,0.0220241879867864,0.035354233558726626,0.02369860802682686,0.001,0.09323443297276456
130072_1767736200,130072,0,0.09205682020942875,0.14046797063652458,0.033583342543646096,0.03851853862115887,0.026740014664464486,0.001,0.08360399265049454
130072_1767736500,130072,0,0.13412772815628293,0.17723698271741217,0.03187291535560999,0.039563835085361945,0.048318463862284076,0.001,0.11277772328984813
130072_1767740700,130072,0,0.05197177232106508,0.05758834811622233,0.01672400414679039,0.024227169597116714,0.016043787793227963,0.001,0.03681606795472515
130072_1767741000,130072,0,0.05516776485123067,0.05530509684825121,0.014093570504987074,0.02176839856979322,0.018735782282253987,0.001,0.0370204395652526
130072_1767741300,130072,0,0.09250733947620036,0.09824424813107588,0.02900811684316443,0.03932866208406284,0.0441999734036338,0.001,0.07122211076735484
130072_1767741600,130072,0,0.16604590533179206,0.18129725495119572,0.028104572025066527,0.034456276239574084,0.03656913485758413,0.001,0.10893319490438994
130072_1767741900,130072,0,0.18999352993380186,0.2612514314099007,0.038253552180421445,0.04859515775400133,0.02867758841928169,0.001,0.1449645099145912
130238_1767672900,130238,0,0.041670938453314446,0.04827464581882715,0.022304179305510225,0.03135050917462966,0.01984823078276376,0.001,0.03406143830079546
130238_1767673200,130238,0,0.06210114377382317,0.05094201923927303,0.02794330917075071,0.03707095058333398,0.039309980437080345,0.001,0.04512599983817669
130238_1767673500,130238,0,0.08174561287543725,0.09528192337779628,0.03207202959834617,0.02707437120305649,0.04103339476011518,0.001,0.06815765906895574
130238_1767673800,130238,0,0.17715059956691037,0.21318461407915776,0.14791177502002567,0.12688182491244268,0.14731373661944486,0.19390203009233753,0.1802491753493013
130238_1767674100,130238,0,0.09552280090596608,0.10084357963837681,0.08578593803584761,0.07360920427449129,0.08129377517017847,0.001,0.09106867740427764
130238_1767674400,130238,1,0.046554769773909876,0.060058671581729395,0.024316072566621945,0.022992120178377946,0.026256764225861758,0.001,0.04315771790379558
130238_1767674700,130238,1,0.2575837597238977,0.31494750062389354,0.3120329751591949,0.3320573282049619,0.3103769495134266,0.37739229508048266,0.31266222506866004
130238_1767675000,130238,1,0.4449749362975847,0.4938438476309703,0.39788941766211583,0.5335471123082115,0.4195581037077118,0.5249247091761982,0.45670097566934104
130238_1767677400,130238,0,0.06536446816468947,0.06125247802484566,0.02726005274565254,0.01996879883006153,0.0239210581176146,0.001,0.04258676807123013
130238_1767677700,130238,0,0.06137182746789252,0.06607253146171266,0.016056938982100026,0.015520176606056391,0.013892213534042014,0.001,0.03998237249787734
130238_1767678000,130238,0,0.10981984747075298,0.10689437195050412,0.05308786775796135,0.04606527877847366,0.05755407905642138,0.001,0.08222422550346276
130238_1767678300,130238,0,0.04684764074927709,0.048095568529469696,0.011798419947530938,0.012790013647200145,0.008715109404792273,0.001,0.028405338967130985
130238_1767679500,130238,0,0.02954895578025981,0.03721462106880491,0.00542579195385305,0.005538600951712132,0.005004593355333771,0.001,0.02110960721206934
130238_1767679800,130238,0,0.02934202083428864,0.03150928087421692,0.006257287085186947,0.0065199541059264695,0.005946338533481093,0.001,0.01872780970384901
130238_1767680100,130238,0,0.04344575609159474,0.037516989496596306,0.006020606523059038,0.006238012890465187,0.005857558405788972,0.001,0.02168727395119264
130238_1767680400,130238,0,0.05839548590370042,0.05122875301798928,0.01601408622344471,0.010879305556650093,0.017265369646349893,0.001,0.034247061332169586
130238_1767680700,130238,0,0.06194670179064138,0.04951088932187233,0.028837302719934142,0.019629079233065637,0.020587896406151565,0.001,0.035049392864011944
130238_1767681000,130238,0,0.06875444096678632,0.06392492230941027,0.025328721658219085,0.015112840059294566,0.02232166726719963,0.001,0.04312329478830495
130238_1767681300,130238,0,0.07364131585431302,0.07902880893360403,0.022195092599130738,0.01640080430192401,0.022733548555749043,0.001,0.05088117874467654
130238_1767681600,130238,0,0.06966090139543074,0.09776845592729387,0.025387527191186126,0.026420768783744827,0.026481485134796576,0.001,0.06212497053104522
130238_1767681900,130238,0,0.07235296378879447,0.09196927695318685,0.013770193856236807,0.0178123732598042,0.01550854541297442,0.001,0.053738911183080634
130238_1767684300,130238,0,0.03913495419711759,0.04207742659534376,0.010295876714980076,0.010208632473254455,0.011634352412934422,0.001,0.026855889504139092
130238_1767686400,130238,0,0.4959014646133373,0.4943896269350588,0.5736436851581826,0.5431280416851806,0.4651527632674362,0.608939671813529,0.4797711951012475
130238_1767686700,130238,0,0.5073082892377099,0.47314353846888935,0.3622375204499802,0.3508242400217648,0.35437987387849246,0.6070337333007643,0.4137617061736909
130238_1767688200,130238,0,0.06667689377157474,0.0683637460727622,0.024281162297091423,0.01692853887315851,0.026739941334857308,0.001,0.04755184370380976
130238_1767688500,130238,0,0.0635135294512817,0.06605011281967155,0.04791326442339047,0.03692768522786566,0.04759119475075419,0.001,0.056820653785212866
130238_1767688800,130238,0,0.10012219182956107,0.09375695683409947,0.04599733122492926,0.03255843068094715,0.04354149837647178,0.001,0.06864922760528563
130238_1767689100,130238,0,0.09193092969029139,0.10417908672513043,0.024380269138481497,0.01985861372180482,0.03317630981645524,0.001,0.06867769827079284
130238_1767689400,130238,0,0.049054194193260944,0.05340052203803256,0.015580624826612127,0.016288874935488556,0.01974579967259959,0.001,0.036573160855316075
130238_1767689700,130238,0,0.0556542072278443,0.05072114414283265,0.012096890483123818,0.011849905735794466,0.013343743155722758,0.001,0.0320324436492777
130238_1767690000,130238,0,0.06266924588078973,0.055707741359952725,0.012835197661000908,0.01035076063972778,0.011210156751455723,0.001,0.03345894905570422
130238_1767690300,130238,0,0.20701916860495465,0.196828122118427,0.11912098989006752,0.12795281861257757,0.0878537014344523,0.15430725363799158,0.14234091177643965
130238_1767690600,130238,0,0.15155948096490549,0.14034887851885147,0.04575039699291076,0.06291634857135914,0.031263232601470015,0.001,0.08580605556016074
130238_1767691200,130238,0,0.06506580122054716,0.07396496050181547,0.03851031346061989,0.038737323204791965,0.02794704186407861,0.001,0.05095600118294704
130238_1767691500,130238,0,0.04991891809719286,0.050780320273054874,0.018503311792618462,0.018899595947528117,0.016963056951602825,0.001,0.03387168861232885
130238_1767691800,130238,0,0.11682998020828946,0.07583846200599888,0.048048874582719704,0.05515593104093735,0.031401893200854576,0.001,0.05362017760342673
130238_1767692100,130238,0,0.07154883175368272,0.055142153770871734,0.016394304719034032,0.018317436069755,0.01144839097694407,0.001,0.033295272373907905
130238_1767692400,130238,0,0.062228762604180636,0.0833990284344602,0.014051798604215055,0.018097603071829057,0.01841266287008854,0.001,0.05090584565227437
130238_1767692700,130238,0,0.06826648017045757,0.05315770882789576,0.02097660931191176,0.025986773273813487,0.014304562423774122,0.001,0.03373113562583494
130238_1767693000,130238,0,0.059288956675246904,0.04380128920156671,0.01583841605454035,0.0156908791954251,0.014021383631954815,0.001,0.02891133641676076
130238_1767693300,130238,0,0.058383074194077816,0.06457178962135837,0.02178179384020432,0.023671172478700507,0.019312679857010014,0.001,0.041942234739184195
130238_1767695400,130238,0,0.05380350552713904,0.05050442390358103,0.02047938154947862,0.02448574983838537,0.02061889794826177,0.001,0.0355616609259214
130238_1767695700,130238,0,0.07217425510819975,0.1011935679562481,0.020730456328977305,0.01963339079980536,0.02703989454553341,0.001,0.06411673125089076
130238_1767696000,130238,0,0.0774483115471418,0.07581862806185759,0.020217776586117755,0.018537094476888828,0.02009828828626841,0.001,0.047958458174062996
130238_1767696300,130238,0,0.04197887368388057,0.06344472226713464,0.021060626560957144,0.018191606792944338,0.020630993876536673,0.001,0.04203785807183566
130238_1767696600,130238,0,0.07252896556263033,0.05862438338137845,0.019974986898247272,0.018137512986143876,0.015839810241861166,0.001,0.037232096811619805
130238_1767696900,130238,0,0.0541406539316797,0.06843706027531064,0.014261327787888,0.014127611051495667,0.011679847404821704,0.001,0.04005845384006618
130238_1767697200,130238,0,0.11733157610340679,0.13182609508008533,0.05245977060835074,0.05504084302772586,0.07345069450838604,0.001,0.10263839479423569
130238_1767697500,130238,0,0.11134630523251446,0.13243919578227414,0.03995646909698383,0.04800296334716714,0.03146766200224313,0.001,0.08195342889225864
130238_1767712500,130238,0,0.04438719927621449,0.03290862135023674,0.005117061604254739,0.0055802137755153235,0.005053453932889546,0.001,0.018981037641563142
130238_1767712800,130238,0,0.05425204689671521,0.05367471504393668,0.015675051292340533,0.015847035409855728,0.009542718516470764,0.001,0.03160871678020372
130238_1767713100,130238,0,0.0807405796616049,0.06482960103451463,0.012950393736134713,0.011385731295990456,0.013987290228380514,0.001,0.03940844563144757
130238_1767713400,130238,0,0.09837907574582277,0.09331780145977775,0.020847761331528415,0.01771311574001816,0.01802160230013072,0.001,0.055669701879954236
130238_1767713700,130238,0,0.05964901389302913,0.05593187412869541,0.014261930119520193,0.013310858898821389,0.011455050695776365,0.001,0.033693462412235885
130238_1767714000,130238,0,0.06111038727644335,0.05412985227826961,0.016305561595897668,0.013690176811574355,0.014630047493363722,0.001,0.03437994988581666
130238_1767714300,130238,0,0.07014723401839715,0.0835006565967279,0.013978603247183818,0.013748635797490583,0.013333119184873605,0.001,0.04841688789080075
130238_1767714600,130238,0,0.05502724379893235,0.05522417443334233,0.012353235947883885,0.011179366839264135,0.010477789592023818,0.001,0.03285098201268307
130238_1767714900,130238,0,0.07117313430785907,0.07378090773724495,0.023536961490122674,0.01952855846021709,0.0184354849581697,0.001,0.046108196347707325
130238_1767715200,130238,0,0.06796933079516157,0.058051496690454826,0.014468566840881771,0.012896933747438175,0.01214001941795658,0.001,0.0350957580542057
130238_1767716400,130238,0,0.03167225474975695,0.03957807347333817,0.010348400075462312,0.011140679119422528,0.011649286277598866,0.001,0.025613679875468517
130238_1767716700,130238,0,0.050736875310231105,0.05021104133567734,0.015614989221373785,0.01598569522934619,0.017153669440859404,0.001,0.03368235538826837
130238_1767717000,130238,0,0.07367764466865684,0.10879765590034812,0.022980798800167984,0.018129522212260923,0.02797084738856705,0.001,0.06838425164445759
130238_1767717300,130238,0,0.1573009439080192,0.15203798066200455,0.1616046867090046,0.12167948486673481,0.17472925674960488,0.15928247651787752,0.1633836187058047
130238_1767717600,130238,0,0.05501570321222921,0.0476188225103668,0.01838133208612368,0.012253665309437979,0.020235635086097235,0.001,0.03392722879823202
130238_1767717900,130238,0,0.0661669168058858,0.0602454303874855,0.01508216319505647,0.01259404641326831,0.013008413363916345,0.001,0.03662692187570092
130238_1767718200,130238,0,0.055352452268716996,0.06662736358210052,0.014326233336991205,0.01213485154591589,0.012915826082218964,0.001,0.03977159483215974
130238_1767718500,130238,0,0.06503059148608066,0.07602278271676546,0.022303919902325893,0.025207946251643798,0.024051835329423947,0.001,0.05003730902309471
130238_1767718800,130238,0,0.09883560670620367,0.11853840847070905,0.01576692863697228,0.02049433233228217,0.01583924377750527,0.001,0.06718882612410716
130238_1767719100,130238,0,0.07331946084126116,0.07102122566984725,0.025715458060826344,0.0291439405457485,0.019176753583756073,0.001,0.045098989626801665
130238_1767719400,130238,1,0.05113193488895527,0.05571735032915871,0.014425571709903044,0.016978997020098426,0.02737529075334368,0.001,0.041546320541251194
130238_1767719700,130238,0,0.08595566398987999,0.07322063239512615,0.013757293324684082,0.011928460549581577,0.015904606865087188,0.001,0.044562619630106666
130238_1767720000,130238,0,0.28556329582871015,0.28378993223958443,0.15389468462487615,0.11264187040492317,0.16451363804767627,0.42901369407557277,0.22415178514363035
130238_1767720300,130238,0,0.17962725675225907,0.1880035276306091,0.121928145349704,0.09292078269859338,0.1083420431497577,0.2267259491600191,0.14817278539018341
130238_1767720600,130238,0,0.15779168637278318,0.1309498599112701,0.10392637387400104,0.09725650660352336,0.0801588912504757,0.15199446844127917,0.1055543755808729
130238_1767720900,130238,0,0.09510836322307034,0.07159097239572827,0.05888069861707272,0.050447681487372845,0.05165135831054537,0.06557893485576394,0.06162116535313682
130238_1767721200,130238,0,0.15172344494563722,0.09996394544879347,0.0908167292673349,0.056609455432089374,0.07995793454300285,0.143852966762943,0.08996093999589816
130238_1767721500,130238,0,0.05991455083375456,0.05421791594829506,0.021115771631973108,0.015695896626409512,0.01677070252578852,0.001,0.03549430923704179
131672_1767673800,131672,0,0.05917811064672153,0.06001598625600848,0.036680457813216445,0.04496603637131871,0.022672247164139,0.001,0.041344116710073736
131672_1767674100,131672,0,0.04920978373362572,0.05809625017681902,0.017430081153917008,0.023304833297642352,0.010027490015295414,0.001,0.03406187009605722
131672_1767674400,131672,0,0.06437946208774697,0.05539202749224781,0.020619500822763186,0.0256591388160369,0.0183782962045927,0.001,0.03688516184842025
131672_1767674700,131672,0,0.06394727842464067,0.083209595883256,0.031789231418961686,0.033828116093248005,0.032512072300690094,0.001,0.05786083409197304
131672_1767675000,131672,1,0.23721832091165396,0.2540018652319965,0.13217167181751108,0.10938761803968788,0.10278992251024298,0.32902033056853286,0.17839589387111976
131672_1767675300,131672,0,0.11883534108312208,0.1603300397102342,0.05467986550113084,0.05861292349309501,0.04481877760802663,0.21946627085786452,0.10257440865913042
131672_1767681900,131672,0,0.05508768778720965,0.05134265765889019,0.02157734421797832,0.028004758422705636,0.0196749291008699,0.012705052752175039,0.03550879337988005
131672_1767682200,131672,0,0.06089707847651428,0.053752278447431315,0.036165565303452545,0.04035463343108174,0.024158761713586732,0.017280021559360037,0.038955520080509023
131672_1767682500,131672,0,0.08214232644666677,0.08856453837880371,0.045269015956201204,0.04129944939446494,0.03618652188443685,0.003396817376349226,0.06237553013162028
131672_1767682800,131672,0,0.08944018094588584,0.11267754287856116,0.03426272023184346,0.033597180243539644,0.028270768300436646,0.08801585357616093,0.0704741555894989
131672_1767683100,131672,0,0.06753610424795753,0.08561512386125918,0.019820943818061515,0.019532103345627792,0.02940191955769153,0.001,0.05750852170947535
131672_1767683400,131672,0,0.07409855686932479,0.06785408445912101,0.01834504978864811,0.019324643226039655,0.018437842281703174,0.001,0.04314596337041209
131672_1767683700,131672,0,0.07054332663295398,0.05639438148079481,0.030973218282009107,0.03398241719323409,0.02308529775064346,0.001,0.039739839615719134
131672_1767684000,131672,0,0.05303593826056445,0.055689765923721844,0.016533913638041572,0.021310746489989346,0.0205286864078695,0.001,0.03810922616579567
131672_1767684300,131672,0,0.06653092500062859,0.0807110574167744,0.03285196255712647,0.03617948686860701,0.03204831316791294,0.001,0.05637968529234367
131672_1767684600,131672,0,0.05934086900006899,0.07324762491950611,0.0158195227025174,0.01628909031462041,0.01634792209370363,0.001,0.04479777350660487
131672_1767684900,131672,0,0.06637904193149641,0.08293971872407382,0.019985989574584,0.02011989039796129,0.020540671390993116,0.001,0.05174019505753347
131672_1767685200,131672,0,0.057823966692328144,0.06572036435360316,0.05408850013154124,0.051766555617671864,0.02848527563143686,0.001,0.047102819992520015
131672_1767688200,131672,0,0.05595790581925205,0.04532053134437467,0.013643761615641656,0.017091946051756856,0.01954562146046967,0.001,0.03243307640242217
131672_1767688500,131672,0,0.059903276972309835,0.0498636924284752,0.01849432932144915,0.01950484547533522,0.023277274916953066,0.001,0.036570483672714135
131672_1767688800,131672,0,0.07140660754242352,0.07063759824634987,0.03370030572180693,0.0291233926809231,0.02571249300697306,0.001,0.048175045626661465
131672_1767689100,131672,0,0.0949286502224303,0.08671440674320495,0.027704369471959787,0.03444426511358669,0.022293728895510036,0.001,0.054504067819357495
131672_1767689400,131672,0,0.0645392783159912,0.08481547341683815,0.020371107404113648,0.029284700817847353,0.01660636636140685,0.001,0.0507109198891225
131672_1767689700,131672,0,0.10034385113678122,0.12630803890484563,0.016988917366265774,0.022904070039298983,0.04195682161962637,0.06730948526620395,0.08413243026223599
131672_1767690000,131672,0,0.06556341784250681,0.05739794256014485,0.036031745642819385,0.04259508393577565,0.02901502965345135,0.001,0.0432064861067981
131672_1767690300,131672,0,0.06586441382414322,0.051487550192472385,0.02549782744469452,0.026814100643131077,0.017490856780782514,0.001,0.03448920348662745
131672_1767690600,131672,0,0.05798626320214691,0.05140335961368886,0.026851335618886283,0.024956265206219155,0.029811639372379968,0.0383694866215506,0.04060749949303441
131672_1767690900,131672,0,0.06838154097561437,0.09923925286949019,0.01882212618110586,0.015542853998592582,0.024613981589122688,0.09564673149222647,0.06192661722930644
131672_1767691200,131672,0,0.0580836050346462,0.07529262388568865,0.015219657271606487,0.013674307789690645,0.020283443422879386,0.001,0.047788033654284016
131672_1767691500,131672,0,0.0698043569265632,0.08293009588401082,0.024582053572193237,0.027589828086429954,0.020260982081903006,0.001,0.051595538982956914
131672_1767698100,131672,0,0.06464937542876407,0.04804557030115634,0.018546706813298373,0.020068562109164016,0.02116893799517279,0.05440255273712302,0.03460725414816457
131672_1767698400,131672,0,0.0719905738911086,0.05160444074339213,0.031606356336920174,0.0289503892519736,0.024850520391807924,0.059874359558126145,0.038227480567600024
131672_1767698700,131672,0,0.09158354589607283,0.09730742044572431,0.03981960132438025,0.030946537096368253,0.03186579100918809,0.0433252092328118,0.0645866057274562
131672_1767699000,131672,0,0.14377685322012146,0.14324463648869135,0.021268430150817526,0.02370387364122329,0.02385502286489116,0.12139142838798067,0.08354982967679125
131672_1767699300,131672,0,0.08772183763173716,0.09893530615555515,0.02055443368791076,0.02905230228741971,0.027964344200105646,0.006097840749685446,0.0634498251778304
131672_1767699600,131672,0,0.12315410458141668,0.12786742083459732,0.023649986339752224,0.03423731841421827,0.04931600811819271,0.1184359627054079,0.08859171447639501
131672_1767699900,131672,0,0.07305210928909137,0.06206554720800293,0.03604580484988513,0.043863831839787405,0.029552552001075927,0.001,0.04580904960453943
131672_1767700200,131672,0,0.09039475058894368,0.08086127977129823,0.021152274508330147,0.027182636923078093,0.024482007605831985,0.06792580536711335,0.052671643688565105
131672_1767700500,131672,0,0.0839287054573647,0.07120420744628515,0.026773724794362505,0.033502637073140405,0.02328095795308459,0.001,0.04724258269968487
131672_1767700800,131672,0,0.06425865202974089,0.07553967664211435,0.013869249465016236,0.012820624979751517,0.016025141129520342,0.001,0.04578240888581735
131672_1767701100,131672,0,0.06259313453231961,0.06414554069353345,0.016158090618192567,0.015048782191163698,0.017511362625128004,0.001,0.04082845165933073
131672_1767701400,131672,0,0.05503916517365219,0.0548662874655847,0.03637028162732038,0.036597051190540325,0.020851804116497254,0.001,0.03785904579104098
131672_1767703200,131672,0,0.06298103730231104,0.04799756592836203,0.014882631174603752,0.0166109211776746,0.017004822326749144,0.07216878838783924,0.03250119412755559
131672_1767703500,131672,0,0.07073878624643164,0.053962510655230986,0.018314076492304262,0.02104406477612198,0.022282853081683412,0.07235028016582934,0.0381226818684572
131672_1767703800,131672,0,0.0839067527843388,0.07138816684060727,0.02822540289305517,0.026816858373624776,0.025883556568282395,0.0425256519631676,0.04863586170444483
131672_1767704100,131672,1,0.12690617245902258,0.12299670858792269,0.0520905815674523,0.0499405830228586,0.03932727183325489,0.11656761841611607,0.08116199021058879
131672_1767706200,131672,0,0.060380695736197074,0.07415887748092952,0.023804227840058763,0.02135881297748005,0.022667961855627673,0.001,0.0484134196682786
131672_1767706500,131672,0,0.1250504996508942,0.1444927610711578,0.031089288220075537,0.044313999374076186,0.03567658827613723,0.15038094614439357,0.09008467467364752
131672_1767708600,131672,0,0.063799814792959,0.06391834967205896,0.016679806142768636,0.024776187452119524,0.02517434820263585,0.11599295023986267,0.04454634893734741
131672_1767708900,131672,0,0.06862868968760555,0.07190924203697001,0.02244610524864082,0.02945663270136751,0.029212381763729877,0.12365617833200471,0.050560811900349945
131672_1767709200,131672,0,0.09361929027735999,0.10328454540036895,0.03938028350487649,0.04308884985881758,0.03366959516201048,0.13878419622800153,0.06847707028118971
131672_1767709500,131672,0,0.17631096233884383,0.15721962559849328,0.06622525104405355,0.06982555696197287,0.05289752868007781,0.22682094773173433,0.10505857713928554
131672_1767711600,131672,0,0.0627722610235409,0.05780118741576971,0.01570739380804326,0.01603525778755956,0.013547896220953896,0.001,0.0356745418183618
131672_1767711900,131672,0,0.06764956727075808,0.045585733569256076,0.026011640006760237,0.02790491235423791,0.015549327094861709,0.001,0.030567530332058893
131672_1767713400,131672,0,0.044574344130789215,0.043236883714502725,0.012129680341663583,0.015487199367370448,0.012785067487454822,0.0250153425716384,0.028010975600978774
131672_1767713700,131672,0,0.05042846421393043,0.03888860009159809,0.01481886062320292,0.021043050434802816,0.02415173193150873,0.019688289108089174,0.03152016601155341
131672_1767714000,131672,0,0.061920972355312576,0.060329732048232484,0.024146990293028595,0.02865039541897895,0.024197029774561493,0.001,0.04226338091139699
131672_1767714300,131672,0,0.1371505358424704,0.13997884645681194,0.0497459040141216,0.049288967093663115,0.04370605355755663,0.13586008638728386,0.09184245000718429
131672_1767714600,131672,0,0.07096433365491553,0.09751954872645804,0.023882376091061395,0.027003829279996037,0.02303094667750538,0.001,0.06027524770198171
131672_1767714900,131672,0,0.08663619996725361,0.11585049979764778,0.017767955376091,0.02364647124156206,0.033608364648159264,0.0769249449316638,0.07472943222290351
131672_1767724200,131672,1,0.44410373365261485,0.5509005022912934,0.5634541427050151,0.5186993001020481,0.5761685832740866,0.7728347540501979,0.56353454278269
131672_1767724500,131672,1,0.44524212312334416,0.5155303116596749,0.47835113790811495,0.4969707104936875,0.53781290325954,0.6934325436185306,0.5266716074596074
131672_1767726900,131672,0,0.1449580757564702,0.13687826493430588,0.0334076037880397,0.03595114152408243,0.039586614329469985,0.39634742982244264,0.08823243963188793
131672_1767727200,131672,0,0.1586230875007829,0.15067313160542922,0.0560227220572265,0.06288825282550964,0.07787657826411687,0.40970226618956873,0.11427485493477305
131672_1767727500,131672,1,0.4284131229043653,0.4122113383779917,0.5470356518773137,0.5335426647154536,0.3951954731530601,0.7553310363861523,0.4037034057655259
131672_1767727800,131672,1,0.09522283448942827,0.09850929774211907,0.04051465738479981,0.042807964117189054,0.03296319034817447,0.001,0.06573624404514677
131672_1767728100,131672,1,0.14005074659056807,0.17384277286958114,0.09315856938916083,0.1260078793900221,0.11422862090206591,0.30412649177122286,0.14403569688582352
131672_1767728400,131672,1,0.388103326611637,0.49439121266240493,0.5179250170685309,0.6085259211659412,0.5840258233885394,0.571481712036624,0.5392085180254722
131672_1767728700,131672,1,0.40796612047736,0.4796558882646718,0.41221794268303424,0.478637728615569,0.4998572434020172,0.6968558707699015,0.4897565658333445
131672_1767729000,131672,1,0.5353315448971215,0.5746204787685278,0.5733475954178835,0.5763608006384711,0.574464364401628,0.9350532175313143,0.5745424215850778
131672_1767729300,131672,1,0.5956258868802035,0.611972038492415,0.7798008680991267,0.7804900752049313,0.7900997133412015,0.999,0.7010358759168083
131672_1767729600,131672,1,0.5025400399533001,0.6023307505398856,0.5459210089404652,0.6344465029317927,0.6461440189994927,0.999,0.6242373847696892
131672_1767732000,131672,0,0.1551091250175848,0.14125245214702575,0.037053867662981674,0.035865929122973095,0.0367558132710808,0.9470999458087701,0.08900413270905327
131672_1767732300,131672,0,0.15605601700569097,0.14376122509261838,0.061164391315120484,0.06612474634474148,0.06100652019742642,0.9665682384337542,0.1023838726450224
131672_1767732600,131672,0,0.4560670829406781,0.4211364708721909,0.5147360240331111,0.4642532710253835,0.37132257731740487,0.999,0.3962295240947979
131672_1767732900,131672,0,0.09561377030858809,0.12434829731642906,0.029562492599924783,0.02722161985762809,0.04836331792138018,0.001,0.08635580761890463
132430_1767666900,132430,0,0.10264943389982409,0.05729539240667727,0.01953444649541738,0.022158359018088852,0.015758276284466154,0.001,0.03652683434557171
132430_1767667200,132430,0,0.11249173529229617,0.16371428625014162,0.03141661895375523,0.045933826708582794,0.03212743234565627,0.001,0.09792085929789894
132430_1767667500,132430,0,0.11473996603421145,0.14760911798467205,0.09282881023927024,0.12470557601755071,0.06936787248962145,0.08320488703028295,0.10848849523714675
132430_1767667800,132430,0,0.23645671671363597,0.2657591828621576,0.24588906728647403,0.39591695693143125,0.2178782703083709,0.21641522533750168,0.24181872658526427
132430_1767668100,132430,0,0.13754918078421252,0.1618237713541189,0.10064234154734494,0.14368675257134886,0.08209297463010856,0.022753276036430847,0.12195837299211373
132430_1767668400,132430,0,0.1505009044863181,0.13050794270504495,0.089923120430532,0.10302633033270744,0.07451969925171409,0.13495052732567947,0.10251382097837952
132430_1767668700,132430,0,0.07997607941318303,0.09583166353267794,0.04371859942865584,0.05118318570951111,0.08351617941380444,0.001,0.08967392147324119
132430_1767669000,132430,0,0.12804756884871185,0.15029447938725987,0.04711071420594862,0.05575823673568215,0.0496606797194163,0.07299905960456698,0.09997757955333808
132430_1767669300,132430,0,0.39806090564102004,0.34721157195259644,0.3061441167932369,0.41956441830442026,0.2829248348797586,0.4395504290372343,0.31506820341617753
132430_1767669600,132430,0,0.05645205633525159,0.06267215315902111,0.043553140237164736,0.059237923676089765,0.04560507544576022,0.018427740213941668,0.05413861430239067
132430_1767669900,132430,0,0.04584772646195141,0.04455243259533721,0.02577050290536947,0.028241460490243737,0.021713242675664317,0.001,0.03313283763550076
132430_1767670500,132430,1,0.16639302512951523,0.10392293388324514,0.08851891749273809,0.14358250772755596,0.0725581344832345,0.2560862567376657,0.08824053418323982
132430_1767670800,132430,1,0.10318126206934275,0.08502098779952742,0.07671397286187683,0.11519163761144825,0.05332576230429565,0.16940233302112873,0.06917337505191154
132430_1767671100,132430,0,0.13955836856886517,0.13531405121670012,0.1631655825535525,0.25741619119124076,0.1510928702981277,0.18851664840410076,0.14320346075741391
132430_1767671400,132430,1,0.42516759256214853,0.5325175867917247,0.4361658992608771,0.4710095866362212,0.4958110327857104,0.5900678655732169,0.5141643097887175
132430_1767671700,132430,1,0.44515323239094073,0.43140166462162266,0.4553057032381745,0.5992992757982953,0.433756427067982,0.45049325872911183,0.43257904584480233
132430_1767672000,132430,1,0.5322169380866417,0.6114910287282449,0.7127559295631383,0.7861856742181009,0.5533644722985458,0.6492377570365593,0.5824277505133953
132430_1767672300,132430,1,0.6334768091956494,0.642944395730637,0.6685818578107109,0.7227242533945643,0.5591710694274774,0.8568681493431445,0.6010577325790571
132430_1767672600,132430,1,0.6818447200527169,0.751168980036841,0.7895171650233636,0.8349198586474982,0.7366405941343096,0.999,0.7439047870855753
132430_1767672900,132430,0,0.6369087874335432,0.6538418629754352,0.47312686659219044,0.5586098290845627,0.3696039855252868,0.7513777978115164,0.511722924250361
132430_1767673200,132430,0,0.7125201698221357,0.7258638575125798,0.7930867818929329,0.8315938469204349,0.7902581664515532,0.999,0.7580610119820665
132430_1767673500,132430,1,0.5783713792796273,0.6608651047412899,0.7127560086790852,0.76023224748851,0.7366833625362662,0.7513788520704683,0.6987742336387781
132430_1767679800,132430,0,0.08515654172498373,0.09690562573504649,0.019649927144211404,0.03387650427874678,0.020128072429526918,0.001,0.0585168490822867
132430_1767680100,132430,0,0.09319417944361968,0.10171045306564848,0.0363726142051026,0.052322131134268035,0.02722536852355441,0.001,0.06446791079460144
132430_1767680400,132430,0,0.10201931722087978,0.1273485642753827,0.03741583122904144,0.06301528308439909,0.028750855818396964,0.001,0.07804971004688982
132430_1767680700,132430,0,0.23463288697524762,0.19268828398436283,0.09808480492752052,0.1088378646863729,0.06709057040807254,0.20813281627083002,0.12988942719621768
132430_1767681000,132430,0,0.2406125687856764,0.19769165850288928,0.11488495559058055,0.16857913666125054,0.13146299936118225,0.24013783182392223,0.16457732893203575
132430_1767681300,132430,0,0.07355977345936263,0.08007917150196274,0.04313424486501895,0.05531755888088571,0.04068236896830206,0.001,0.0603807702351324
132430_1767681600,132430,0,0.0770113197902701,0.0879239178931413,0.03797330734875065,0.03868647740074781,0.03023621327555538,0.001,0.05908006558434834
132430_1767681900,132430,0,0.14147192220475732,0.1441634374038291,0.1465227663052766,0.23570129592139233,0.17187395145732853,0.11431569444372447,0.1580186944305788
132430_1767682200,132430,0,0.23300769936624954,0.2638672176064686,0.305619852034174,0.4490293445498026,0.3051058636097295,0.25055645526362413,0.2844865406080991
132430_1767682500,132430,1,0.07689582199245672,0.08244258664452633,0.058858664256067235,0.07121486547540562,0.0547334038590678,0.001,0.06858799525179707
132430_1767682800,132430,1,0.08305248948980089,0.0869810696965466,0.06346920909254516,0.08095178904022027,0.055014498810173375,0.001,0.07099778425336
132430_1767683100,132430,1,0.07520414227329449,0.10364412308388032,0.038570826060971966,0.03976270533933818,0.060457371460972305,0.001,0.08205074727242631
132430_1767683400,132430,1,0.673470215664868,0.7417277529627027,0.6393807562116327,0.6783447051722854,0.7490554188540799,0.8449567260014118,0.7453915859083913
132430_1767683700,132430,1,0.4171402224304912,0.45724125328645837,0.37591181643104554,0.3843596738516144,0.38150054696541674,0.7552488635603993,0.4193709001259376
132430_1767684000,132430,1,0.6553222924015822,0.6732178875747906,0.7601310656457487,0.8475156001692806,0.7926528579359701,0.945512807425614,0.7329353727553803
132430_1767684300,132430,1,0.401052353446971,0.5212748340492684,0.6144942775591277,0.6914280196985108,0.5702426379508149,0.5802521674136384,0.5457587360000417
132430_1767684600,132430,1,0.3487668215945604,0.38390426651408666,0.3370928436442896,0.47060348458344947,0.3532250170973488,0.5032337168063465,0.36856464180571774
132430_1767684900,132430,1,0.4605289924677464,0.556945370627284,0.49678146027357334,0.6000452561488625,0.5284831454273472,0.6696012934502932,0.5427142580273157
132430_1767685500,132430,1,0.17267438999962836,0.10903711156864365,0.07181975167799083,0.11786537571569647,0.054174648836347865,0.22541462231036968,0.08160588020249576
132430_1767685800,132430,0,0.15517753966793044,0.11307819158406131,0.06850660255565648,0.09333209829959788,0.04492685035536919,0.24402604022580066,0.07900252096971525
132430_1767686100,132430,0,0.23797288964035157,0.22447898079009787,0.15343654481015612,0.22079031898927415,0.12785909921478847,0.25070966070860845,0.17616904000244316
132430_1767686400,132430,0,0.3228253926627995,0.3647578393535689,0.16686348529910458,0.19943159236707989,0.22850282524901458,0.24533381924463527,0.29663033230129177
132430_1767686700,132430,0,0.20367194575386643,0.26273324183834973,0.28716023918123734,0.30205439720163735,0.25693596661118895,0.19442161887606457,0.25983460422476934
132430_1767687000,132430,0,0.10375663798108443,0.12855064519832898,0.058160195664183935,0.067742715282797,0.05801869920474432,0.014868472903846408,0.09328467220153665
132430_1767687300,132430,0,0.18757146147190504,0.19731565844877907,0.21638795247223044,0.31624157604974334,0.22356614564836502,0.16395140252022977,0.21044090204857205
132430_1767687600,132430,0,0.11814486490112708,0.11989756559860044,0.15114447123043587,0.19698686067430227,0.12559580434102455,0.055915835773273415,0.1227466849698125
132430_1767687900,132430,0,0.06711999769825758,0.09324315779836022,0.03529843597816232,0.03479069501439547,0.02677825850405863,0.001,0.06001070815120942
132430_1767688200,132430,1,0.13992590151129314,0.10390042890581391,0.056164397938314375,0.07260764844956662,0.040560436000474626,0.001,0.07223043245314427
132430_1767688500,132430,1,0.10186539420075578,0.141402587981622,0.05244697648642636,0.06097940245086653,0.1568237087220305,0.001,0.14911314835182626
132430_1767688800,132430,1,0.6653522055240599,0.7297823095351342,0.648906353001938,0.6548981000825463,0.7080277399654148,0.744412388849418,0.7189050247502745
132430_1767689100,132430,1,0.505350917430921,0.5839534858311268,0.527579654332198,0.5294766803442315,0.5080922204320777,0.49084619180085787,0.5460228531316023
132430_1767689400,132430,0,0.5902581302943477,0.6267503441225656,0.5319600716742777,0.6344219204102488,0.4983463900702898,0.8412981978924214,0.5625483670964277
132430_1767689700,132430,0,0.4773595641798136,0.5902217596442735,0.529820244799099,0.6142858030268502,0.46785476251922625,0.613442004302797,0.5290382610817499
132430_1767693300,132430,0,0.08662073317695575,0.12255075238695722,0.024541273824194798,0.033283276679868294,0.025295966805694587,0.001,0.0739233595963259
132430_1767693600,132430,0,0.09874307965962549,0.12934479233561616,0.029596931269092526,0.040529309679230845,0.022643775001395524,0.001,0.07599428366850584
132430_1767693900,132430,0,0.1127336337598706,0.1290317355776653,0.030951378630489197,0.04631282151578456,0.02405336461134196,0.001,0.07654255009450364
132430_1767694200,132430,0,0.258557742640325,0.24796953736606508,0.1770334289270492,0.18888123481777513,0.1573988106947658,0.1732885529275836,0.20268417403041544
132430_1767694500,132430,0,0.35752554324101105,0.28702402542666355,0.20232820062171328,0.28225997215504023,0.24671382200052364,0.29613351322143444,0.2668689237135936
132430_1767694800,132430,1,0.15261622192795415,0.16377579826252728,0.16288477175842278,0.2020059905911158,0.12668222351174352,0.09707209578340414,0.1452290108871354
132430_1767695100,132430,0,0.30198921449105864,0.26625486078576854,0.418072434899247,0.5490737371181971,0.3481904598147555,0.3188560052581295,0.307222660300262
132430_1767695400,132430,0,0.5090308230629959,0.5908846139194751,0.5336724354323521,0.6016136600156319,0.39865051447987987,0.4419050407469147,0.4947675641996775
132430_1767695700,132430,0,0.5744034137385474,0.6455957865173484,0.6203106510004055,0.6770586032002994,0.5561767315619013,0.5582023683088281,0.6008862590396249
132430_1767696000,132430,0,0.07983259380527279,0.09160489589169989,0.0742822645423588,0.07455619300916529,0.055050739802360284,0.001,0.07332781784703009
132430_1767696300,132430,1,0.09464096508419333,0.10507621284566862,0.10648667658510985,0.11191829036345491,0.07109830767482331,0.04063382825280892,0.08808726026024596
132430_1767696600,132430,1,0.16987401509390243,0.20222407600072378,0.17967639636855418,0.19705600023685313,0.1699056953545859,0.21207255382932644,0.18606488567765483
132430_1767696900,132430,0,0.5697948372098443,0.7336334394822082,0.5505222326904369,0.5968675996669648,0.5818090647200701,0.672863177934153,0.6577212521011391
132430_1767697200,132430,0,0.46724285408415106,0.5011839343535253,0.5347820799709215,0.5158259843860983,0.47241371278248556,0.498607284920073,0.4867988235680054
132430_1767697500,132430,0,0.3807432295892936,0.4395785151250611,0.2890975080867521,0.3854349203573365,0.34716349085118975,0.3696786677628352,0.39337100298812544
132430_1767697800,132430,0,0.15071449309220375,0.16514953398187007,0.2316754071787227,0.2907374512671378,0.22456207190136793,0.21765368386910056,0.194855802941619
132430_1767698100,132430,0,0.09440287983936237,0.10221158507109236,0.09213105033690641,0.12586601395476715,0.07241824600182242,0.14263462770517776,0.0873149155364574
132430_1767698400,132430,0,0.17247010774344057,0.1546130105329345,0.11808731176582812,0.15344488708739468,0.10868999736564045,0.2823771216092027,0.13165150394928749
132430_1767699000,132430,0,0.09193104731994303,0.0680113027314578,0.058031027276490885,0.08648493363017472,0.04221016641502446,0.08971997321948044,0.05511073457324113
132430_1767699300,132430,0,0.12422644751756327,0.10438351326579817,0.04925136378433162,0.07613192809014041,0.06253819718969922,0.19144456023848522,0.0834608552277487
132430_1767699600,132430,0,0.14945473141204343,0.16054804431720013,0.09534752530394379,0.14950711059338848,0.12522374200765407,0.18058442685823628,0.1428858931624271
132430_1767699900,132430,0,0.14756857249942623,0.15651208715627912,0.03537513020109231,0.04544265755663425,0.0357449192691922,0.005645600245043125,0.09612850321273567
132430_1767700200,132430,0,0.08611468792522176,0.08099022421240115,0.027001744412287098,0.035660430078163156,0.032490485596118855,0.03438218215387967,0.05674035490426001
132430_1767700500,132430,0,0.06594754708779424,0.08587938477549843,0.048683013807969855,0.043409811776486645,0.03814317191097491,0.001,0.06201127834323667
132430_1767702600,132430,0,0.3607411930818182,0.3513329644592249,0.21552981119477368,0.2734977685965994,0.2274508503415378,0.3048926000317589,0.28939190740038134
132430_1767702900,132430,0,0.2209263236331157,0.19580226862870298,0.2799446561267918,0.352864309258286,0.2409381521925315,0.24982223705975592,0.21837021041061724
132430_1767703200,132430,0,0.05938070932359001,0.0608174452170483,0.02568402110469052,0.03700606907138011,0.02934563970191281,0.001,0.04508154245948055
132430_1767703500,132430,0,0.059890043476485924,0.0759290505392542,0.04793240965928163,0.045881540809540745,0.036275071996849935,0.001,0.05610206126805206
132430_1767703800,132430,0,0.055782566032039044,0.061098148211068355,0.03243481991643778,0.04107923497743201,0.023287705570798137,0.001,0.04219292689093325
132430_1767704100,132430,0,0.06860257933814176,0.07150126256655914,0.028564459981488,0.03300002383183604,0.02593947277988979,0.001,0.04872036767322446
132430_1767704700,132430,0,0.061226991593254114,0.04834914210976343,0.025898435716552835,0.03926398291155947,0.02227305571109923,0.001,0.035311098910431334
132430_1767705000,132430,0,0.08779753546466892,0.08895575100162068,0.019323100613243258,0.02903027740852236,0.030017267164855213,0.001,0.059486509083237944
132430_1767705300,132430,0,0.0879146215894961,0.09336095548810139,0.03222064261483373,0.05454918100474051,0.04640279261128827,0.001,0.06988187404969483
132430_1767705600,132430,0,0.1519085596660484,0.14260990469673027,0.03478309011236174,0.0462582384842477,0.03752311574613905,0.001,0.09006651022143466
132430_1767705900,132430,0,0.10645251122543678,0.09967776934231913,0.02374667919739914,0.03511095956790015,0.03813827266692739,0.012138760845427088,0.06890802100462326
132430_1767706200,132430,1,0.11497858071568626,0.16572733828000288,0.11329915891197874,0.14797480987664616,0.10429863144816828,0.001,0.13501298486408558
132430_1767706500,132430,0,0.20831771356379214,0.2080451845657605,0.25130604660996914,0.38495184983999553,0.21979003770694475,0.19829441045267449,0.2139176111363526
132430_1767706800,132430,0,0.31550428822284987,0.27716233618960745,0.27576425036615954,0.40850391746314973,0.26945923367910823,0.2232444554644657,0.27331078493435784
132430_1767707100,132430,0,0.41427568411366394,0.5231913045241892,0.47384474623106104,0.6002857539899565,0.44596253213404163,0.3962588320698506,0.4845769183291154
132430_1767707400,132430,0,0.11277954214461844,0.14669172488633217,0.13750706559943116,0.15813904739819873,0.1019207400766395,0.001,0.12430623248148584
132430_1767707700,132430,0,0.22635789276229676,0.18501842087586784,0.30991111792195253,0.3884261006121234,0.2182297164886424,0.21219642092538216,0.20162406868225513
132430_1767708000,132430,1,0.26822742119719395,0.3041252808741871,0.3351199923781575,0.3903978264086745,0.2760751681827189,0.34574632363151103,0.29010022452845297
132430_1767708300,132430,0,0.20804846111585953,0.2503769806846823,0.1795545816308878,0.17113760162179137,0.15632885450318681,0.17337596164069702,0.20335291759393453
132430_1767708600,132430,0,0.3096455567067652,0.23513914636129424,0.35315774522300153,0.43076678706680177,0.2799086497855863,0.238100044067998,0.2575238980734403
132430_1767708900,132430,0,0.22568766750676414,0.19713575207292205,0.1316029694597016,0.20122012525147337,0.11110036544612265,0.2645383645360355,0.15411805875952234
132430_1767709200,132430,0,0.0717698314953227,0.10569042549093188,0.1069941740232853,0.12475024325567612,0.07918581459897553,0.001,0.0924381200449537
132430_1767709500,132430,1,0.16016332129723074,0.16871073658693178,0.14274268086571734,0.16245670601804713,0.13391970172892168,0.2638380199088113,0.15131521915792673
132430_1767709800,132430,0,0.19797696171487666,0.17715827643009946,0.14661576751717395,0.21972703698652293,0.17546057221023229,0.29699205155744346,0.1763094243201659
132430_1767710400,132430,0,0.1395826614734517,0.0900918551737659,0.07014522809179903,0.11335111969767317,0.061884601107399836,0.16173252188879705,0.07598822814058287
132430_1767710700,132430,0,0.16171401187794635,0.13769386739975764,0.05557184294354524,0.09798136765158602,0.06451612250818022,0.15664051016767466,0.10110499495396894
132430_1767711000,132430,0,0.1706598164402974,0.15116746855488836,0.11761453424484304,0.16521992757634904,0.1590485676344757,0.20227469424293587,0.15510801809468203
132430_1767711300,132430,0,0.10868570052027433,0.12609608186987759,0.03356294870500544,0.04374679763259161,0.036782301833687116,0.02842573072176524,0.08143919185178235
132430_1767711600,132430,1,0.1361053725018923,0.15046572794855864,0.02557260752478531,0.039431182993740835,0.030262281953041984,0.06626022429147904,0.09036400495080031
132430_1767711900,132430,1,0.19270151157758986,0.23721661857507575,0.16271912153512014,0.18907785548588604,0.09554294916235648,0.16161423481988157,0.1663797838687161
132430_1767712200,132430,1,0.33708467974310186,0.38001011187440364,0.32666275054513494,0.42517010975956493,0.3010129786790769,0.29778939066485977,0.34051154527674027
132430_1767712500,132430,1,0.5672336613945204,0.5974551953049511,0.5365070626287839,0.6036601352505355,0.49807497784044824,0.6461652704064872,0.5477650865726996
132430_1767712800,132430,1,0.5776477575080485,0.6298770397464307,0.5148461263171558,0.5550928320226437,0.5007356841341992,0.8319435451900746,0.5653063619403149
132430_1767713100,132430,1,0.692108875797516,0.6880152564649471,0.6368110763425937,0.684321364581577,0.5603704840812763,0.7518869012217247,0.6241928702731117
132430_1767715200,132430,1,0.6646445469195704,0.7375179759318921,0.8171037227688135,0.8441318949436822,0.8166399928989825,0.999,0.7770789844154373
132430_1767715500,132430,1,0.6875693030426528,0.7714792868106228,0.835419873710279,0.8834435589292,0.8483517458061857,0.999,0.8099155163084042
132430_1767722400,132430,1,0.8065376539520649,0.7968161179457576,0.7272307798053188,0.7726592267095098,0.7741002672062874,0.9979645346856405,0.7854581925760225
132430_1767722700,132430,1,0.8008724040657175,0.7904670695979034,0.8307184121277327,0.8624135284416958,0.8706424748864137,0.999,0.8305547722421585
132430_1767723000,132430,1,0.7707200117960572,0.729017436090135,0.7755265641672257,0.7741089107841632,0.6702406607285037,0.999,0.6996290484093194
132430_1767723300,132430,1,0.8131313792304835,0.7989384002645409,0.8813106259429071,0.8888179488897866,0.7581979198965308,0.9172977016711662,0.7785681600805359
132430_1767723600,132430,1,0.8061068779933759,0.8200837032202484,0.8412256556202697,0.836803262298427,0.8311954268834976,0.916069401001895,0.825639565051873
132430_1767723900,132430,1,0.7915387814761882,0.798945096851834,0.9035720418098271,0.9260139591754462,0.8930259304029505,0.999,0.8459855136273923
132430_1767724200,132430,1,0.6858280232011551,0.7108023953993611,0.7648727581700479,0.7933699019206738,0.813165749839819,0.8578844019740205,0.7619840726195901
132430_1767724500,132430,1,0.8087545386248042,0.8090023660768586,0.839065324151456,0.9140850171833339,0.8354161950551976,0.9667366020214753,0.8222092805660282
132430_1767724800,132430,0,0.7349932888237063,0.7916210196823331,0.6509205079229969,0.730819748238152,0.6491549175697239,0.999,0.7203879686260285
132430_1767725100,132430,0,0.4837471996639586,0.5782795204483411,0.38928140506965303,0.46931981034845277,0.386931225507769,0.7691812329385788,0.48260537297805506
132430_1767725400,132430,0,0.295237023214745,0.26451886705842764,0.0892111294411958,0.1505667670631449,0.10528856010517873,0.42251901836184313,0.1849037135818032
132430_1767725700,132430,0,0.16406220461159474,0.16666399841346857,0.1782226001363399,0.22488851537816365,0.1734058728504264,0.09552732617647308,0.1700349356319475
132430_1767729600,132430,0,0.10813192063453514,0.10250714467887491,0.07726273571804909,0.10954683975907054,0.07909282371465413,0.02835883938746453,0.09079998419676452
132430_1767729900,132430,1,0.1096998571265998,0.093953020251047,0.10482573606190167,0.13877435681972855,0.0709732498133175,0.10279337174647551,0.08246313503218225
132430_1767730200,132430,1,0.07242796932986076,0.06969835522181979,0.025432936550593373,0.03987911722925888,0.02484617078616093,0.001,0.04727226300399036
132430_1767730500,132430,0,0.11377665036716256,0.12805869395984423,0.05964836557461266,0.06676050356704992,0.06405735444460081,0.03348797100743517,0.09605802420222252
132430_1767730800,132430,1,0.4438096175214061,0.4866737212380269,0.4540462735740792,0.6014949003542723,0.42965742821039565,0.5859290780630616,0.45816557472421127
132430_1767731100,132430,1,0.4902521034549312,0.5033813620419898,0.5060161979922171,0.6316017796567825,0.5210133874037483,0.6138232457289119,0.512197374722869
132430_1767731400,132430,1,0.5218734782750435,0.5856533993829345,0.6388699633100552,0.7975056290489081,0.631341008685123,0.7259953779541325,0.6084972040340287
132430_1767731700,132430,1,0.6784928397194251,0.7562889440130691,0.7995254178203335,0.8359231252831848,0.7963739621896666,0.8837716361251657,0.7763314531013679
132430_1767732000,132430,1,0.5614434523785009,0.6859250420106471,0.7002235729259163,0.7862609158838785,0.6294367228911898,0.8058681356008456,0.6576808824509184
132430_1767732300,132430,1,0.45035775966229996,0.5013989463944175,0.5717919518160891,0.6734536328833156,0.4372547953079782,0.4742900600923884,0.46932687085119784
132430_1767732600,132430,1,0.5354242629559799,0.5514830385697537,0.6859473749402185,0.7071441229215523,0.5535818773388551,0.6317110191595952,0.5525324579543044
132430_1767732900,132430,1,0.777849856422081,0.7816651153084679,0.7923033979171165,0.8333337175350246,0.722157575937782,0.999,0.751911345623125
132430_1767733200,132430,1,0.6578216044527131,0.7281081110948768,0.7978048739400483,0.8517018599076218,0.8225219419261555,0.999,0.7753150265105162
132430_1767733500,132430,1,0.6995958734128722,0.7499066819807562,0.7985420556154419,0.8667255957750425,0.8332077460174969,0.999,0.7915572139991265
132430_1767733800,132430,1,0.3845404690519303,0.4850825630117207,0.6291698517013639,0.74214183786798,0.5329730318813211,0.6096999823954152,0.5090277974465209
132430_1767734100,132430,0,0.4041431638244223,0.5095646046799784,0.2922644423117222,0.44467919373141285,0.34837755093732065,0.6633322069272592,0.4289710778086495
132430_1767738000,132430,0,0.11102897245960483,0.10209139376790069,0.04214873865599281,0.053846849360896676,0.04190461057478769,0.1860006738392661,0.0719980021713442
132430_1767738300,132430,0,0.09881728981697989,0.0984495744010161,0.05946861872713298,0.0733508463143969,0.06770737016557633,0.20110145259949208,0.0830784722832962
132430_1767740400,132430,1,0.058778153434152526,0.08316937930799574,0.04215648240779401,0.054127699825615945,0.03321838948453215,0.001,0.05819388439626395
132430_1767740700,132430,0,0.054494007698593645,0.07906500086913358,0.028151085209104126,0.039401066164181923,0.05200156852599253,0.001,0.06553328469756306
132430_1767741000,132430,0,0.3737731854184139,0.421582011945951,0.35864458737596605,0.4679192445043377,0.28551121385361405,0.43382306490848166,0.3535466128997825
132430_1767741300,132430,0,0.2595995220050444,0.2871963182853821,0.32243215848670176,0.38497806464361506,0.2543539530169174,0.2586191575935617,0.27077513565114975
132430_1767741600,132430,1,0.20536827304265234,0.20192353960954193,0.12242340980252833,0.16317901147216676,0.13711709596925115,0.14581016237833455,0.16952031778939652
132430_1767741900,132430,1,0.0697149146902976,0.08199758485840852,0.07069143222843001,0.08936009807840664,0.06383455956333893,0.001,0.07291607221087373
132430_1767742200,132430,0,0.2596305077657756,0.26907950225715055,0.1286191947309735,0.19827467934276646,0.15779090643035504,0.32238496036489295,0.2134352043437528
132430_1767743400,132430,0,0.08509783867013218,0.08877342223980482,0.04306701877492783,0.06268249824085802,0.04971062389061752,0.20201839623032003,0.06924202306521117
132430_1767743700,132430,1,0.08072733243531806,0.08091151546108682,0.05744854311500557,0.0733508463143969,0.06770737016557633,0.19254113124491679,0.07430944281333157
133300_1767675000,133300,0,0.03593990320004746,0.04363415158886644,0.01672837538046597,0.021569873281063266,0.009415560778975422,0.001,0.02652485618392093
133300_1767675300,133300,0,0.04934531320968426,0.03727860941993325,0.012489140454623583,0.02021002199055206,0.008067711549011139,0.001,0.022673160484472196
133300_1767675600,133300,1,0.060160827218702716,0.052560907792004466,0.020103890842253724,0.028337524646286853,0.009430710549352673,0.001,0.030995809170678568
133300_1767675900,133300,0,0.1976046849747689,0.13226611013426148,0.15434697275606024,0.22405884853244593,0.043983025436156356,0.11332475446568857,0.08812456778520891
133300_1767676200,133300,1,0.5359323880856139,0.4403992985164727,0.6094991357411605,0.6339640433843194,0.38562416060680305,0.7146829460480812,0.4130117295616379
133300_1767676500,133300,1,0.365226630270997,0.2869640075846219,0.3155289459009993,0.39805633341758184,0.2588962817213569,0.506937919959422,0.2729301446529894
133300_1767676800,133300,1,0.22597438476251341,0.22717086008261297,0.19651704704574877,0.3037792073627489,0.13442970667482443,0.35030427517248386,0.1808002833787187
133300_1767677400,133300,0,0.19524949987271395,0.2578816463268606,0.08932678559176,0.09213541931471389,0.19903223844253415,0.38990099625283847,0.22845694238469738
133300_1767677700,133300,0,0.1973116933826079,0.18001170244629436,0.06951564287543863,0.07592068641587804,0.03810048790485996,0.3545824968784186,0.10905609517557716
133300_1767678000,133300,0,0.3206722023748646,0.3226167098356724,0.16679470457917636,0.21568754724970932,0.12484320957783318,0.4672784858504867,0.2237299597067528
133300_1767678300,133300,0,0.20220824296700837,0.18295073786674068,0.12934970891871742,0.25375832042751745,0.05465739257507505,0.2142954439706659,0.11880406522090786
133300_1767678600,133300,0,0.3873496572061833,0.35303793339744693,0.4025485358083985,0.4728886230216991,0.23318364616781295,0.45193050646789734,0.29311078978262994
133300_1767678900,133300,0,0.19892141563160118,0.19386528701347347,0.21915428786402988,0.2817810500234987,0.13229423761419537,0.20525846565845396,0.16307976231383442
133300_1767681000,133300,0,0.17399003765564208,0.14555669007787303,0.05338015720464796,0.08883179116532358,0.035579492175253725,0.051906274162516475,0.09056809112656337
133300_1767681300,133300,0,0.15311202219492162,0.15141531874281247,0.09436941755957912,0.10268597819466906,0.06694300991775728,0.021237446474875687,0.10917916433028488
133300_1767681600,133300,1,0.09421033490392319,0.09679804620406823,0.03384568933090254,0.0431250894919362,0.025563366455043753,0.001,0.061180706329555995
133300_1767681900,133300,0,0.08848703471086465,0.08651249223628615,0.02060016790425127,0.026712725420053568,0.021187574389062516,0.001,0.053850033312674336
133300_1767682200,133300,0,0.1398593922927644,0.16232418559804968,0.05530604198676384,0.11375248677191148,0.09206761151632109,0.08179591988510904,0.12719589855718538
133300_1767682500,133300,1,0.1838678604090711,0.25199573133310627,0.08789460098777123,0.16976267543944937,0.12436362347733441,0.09713191007707189,0.18817967740522035
133300_1767682800,133300,0,0.21019215363344707,0.18336326024907545,0.12051650918051461,0.2245459852526524,0.06348836728919496,0.21281797548231596,0.12342581376913521
133300_1767683100,133300,1,0.5615513639124312,0.4589839654854081,0.7238041381232866,0.757582441636878,0.4658344398843364,0.71455878183606,0.4624092026848723
133300_1767683400,133300,1,0.3153952874160597,0.355903303284296,0.2950906628111827,0.37659085144459015,0.31896024152884866,0.5108746501371997,0.3374317724065723
133300_1767683700,133300,1,0.25114765431866765,0.27095210740673586,0.1966165614618813,0.3095965819855901,0.17740404166483278,0.39654187084836945,0.2241780745357843
133300_1767684000,133300,0,0.32328049760926575,0.2820930513426605,0.36610048762607783,0.37499325631570324,0.22441262392529415,0.44293788889813124,0.2532528376339773
133300_1767684300,133300,0,0.2516856028111202,0.25680411494882666,0.09417259198939747,0.11500561888746977,0.2337399659046955,0.4342217818660019,0.2452720404267611
133300_1767684600,133300,1,0.3602758620446442,0.3073461363205574,0.19836227209282994,0.2463622543642722,0.15610276815187343,0.48801849268353026,0.2317244522362154
133300_1767684900,133300,1,0.2183930352482056,0.20783776579279098,0.16299935698196122,0.2661562958472433,0.09130010555650324,0.2952261601664862,0.1495689356746471
133300_1767685200,133300,1,0.555441459021009,0.46695898935412866,0.6945271252085458,0.7116499259164989,0.4828089043954636,0.7199168915244134,0.4748839468747961
133300_1767685500,133300,1,0.5681378188853278,0.5744972255665041,0.6261560560141848,0.6411119818639498,0.72270496671946,0.8397332518028611,0.648601096142982
133300_1767685800,133300,1,0.5384349771488112,0.5417509581690508,0.7074321740322516,0.7286775764039032,0.7058535970029028,0.6766133554412384,0.6238022775859768
133300_1767686400,133300,0,0.25153951962407284,0.34390534739486034,0.1468350479704023,0.141958696012611,0.3082129355934157,0.6073100667508493,0.32605914149413806
133300_1767689400,133300,0,0.045538066789080935,0.11745522101623841,0.009204368904507484,0.009718556526294752,0.018105298738816358,0.001,0.06778025987752738
133300_1767689700,133300,0,0.05321270791096873,0.12098944883507744,0.012021511501880007,0.013610281558910302,0.021162371227786653,0.001,0.07107591003143204
133300_1767690000,133300,0,0.10024520591661716,0.1402557374725617,0.02747902068449251,0.030471521271950974,0.03254999181695447,0.001,0.08640286464475809
133300_1767690300,133300,0,0.11455388022506785,0.10657684444391682,0.024914705099303106,0.03023969692957688,0.02009643733739264,0.001,0.06333664089065473
133300_1767690600,133300,0,0.15963815685666263,0.16454785742899602,0.14583451408559167,0.25381009096785906,0.05999755056406984,0.15873402852651886,0.11227270399653294
133300_1767690900,133300,0,0.12498737726606045,0.14399519340364905,0.06130309236137608,0.10502819376123883,0.052984949077705505,0.045160259558392424,0.09849007124067728
133300_1767691200,133300,0,0.1667530107594283,0.1651877649652331,0.13383153205309517,0.20809848008396095,0.08990453853928572,0.12089317839499214,0.12754615175225942
133300_1767693600,133300,1,0.10127265244488666,0.09023083579884439,0.03371626460092338,0.04592411393743883,0.023072815028578317,0.001,0.05665182541371135
133300_1767694200,133300,0,0.11836463154425993,0.17166847264818771,0.07648442337068716,0.1263840831145107,0.07943782823597605,0.02649201778786714,0.12555315044208187
133300_1767694500,133300,0,0.1800426949821096,0.26298920136947296,0.05820957216881716,0.0761632729393543,0.15282947529332777,0.2273162767455834,0.20790933833140035
133300_1767694800,133300,0,0.31481813031390393,0.31451606145882227,0.08438945052787672,0.10430176716182737,0.18771637915411607,0.24850847430563028,0.2511162203064692
133300_1767695100,133300,0,0.09878823161877893,0.09788807083048802,0.01958860533523558,0.024948609551312083,0.015364676098918865,0.001,0.05662637346470344
133300_1767697200,133300,0,0.3852970633010606,0.3917388003837852,0.09134477035143733,0.09543744598154565,0.22381143924167868,0.41915770336080993,0.307775119812732
133300_1767697500,133300,0,0.09811110597144955,0.10346503030070645,0.01958860533523558,0.02258748960404469,0.015364676098918865,0.001,0.059414853199812656
133300_1767697800,133300,0,0.12458160754449674,0.11399277748390362,0.024231516814763317,0.031791038125839034,0.025735419487479563,0.001,0.06986409848569158
133300_1767698100,133300,1,0.13531728677265162,0.15848046740995944,0.05765165124402386,0.1018552216395237,0.05337639064041896,0.010790175536472324,0.1059284290251892
133300_1767698400,133300,1,0.16913868971664472,0.16784816339153866,0.12925914040503186,0.1941561264539827,0.07299030164051375,0.09273372525670609,0.12041923251602621
133300_1767700800,133300,1,0.12605761151095965,0.11742805671470954,0.033412355243694944,0.04423707080276519,0.03309300542630883,0.001,0.07526053107050919
133300_1767701400,133300,0,0.14345031079341197,0.178775765554039,0.07425641355655552,0.14413179192878697,0.09856325010970815,0.06490375201329524,0.1386695078318736
133300_1767701700,133300,0,0.24717964971444964,0.30289925825048386,0.06468685410437339,0.07469187296924686,0.17122437146559244,0.3769337545748682,0.23706181485803815
133300_1767702000,133300,0,0.45951836208579216,0.36626572472045926,0.12574065952276342,0.13663762651330272,0.35656068861228457,0.5257672931452366,0.3614132066663719
133300_1767702300,133300,0,0.09972939528747994,0.11392025957247692,0.024863432483980485,0.03211539378350468,0.0187656344540665,0.001,0.06634294701327172
133300_1767702600,133300,0,0.18308743522173473,0.17367958565136193,0.1358553949091631,0.2242968019440588,0.05562873886544841,0.11491221838814791,0.11465416225840518
133300_1767702900,133300,0,0.16275587906780467,0.16209997782474334,0.06639249527185884,0.11663467559283927,0.05470397762559559,0.07677983262414001,0.10840197772516946
133300_1767703200,133300,1,0.19387220447457987,0.16925519031556677,0.1066792567801114,0.15818893033804096,0.05684273712826931,0.10659003196673444,0.11304896372191804
133300_1767703800,133300,0,0.1380762866753248,0.19635007773025984,0.08696374013771342,0.14872917522773627,0.09778832370947578,0.13601751110018734,0.14706920071986782
133300_1767712200,133300,0,0.04536288077033011,0.10824267072147606,0.008820758799762976,0.010010005363873186,0.018815947548720284,0.001,0.06352930913509817
133300_1767712500,133300,0,0.05218155368262762,0.1140605253270012,0.012211350804961092,0.012881419329476748,0.02128002336087278,0.001,0.06767027434393699
133300_1767712800,133300,0,0.08218055253570986,0.1536577061124628,0.027259689340566648,0.02947814704352251,0.030163993583882154,0.001,0.09191084984817248
133300_1767713100,133300,0,0.10070216064706258,0.09463287365208442,0.018206141163361493,0.02267774779533717,0.01667023282220902,0.001,0.05565155323714672
133300_1767715200,133300,0,0.14826918861551977,0.2516242234819689,0.10265851236621847,0.2507038466926583,0.12029995036731686,0.16259739873719137,0.1859620869246429
133300_1767715500,133300,0,0.08429834098898636,0.08971508563517956,0.02275100448319138,0.026424750475285225,0.01800530159073433,0.001,0.05386019361295695
133300_1767715800,133300,0,0.08255164468781458,0.1045015527552627,0.02563466699064379,0.03557236212148566,0.0234291279865196,0.001,0.06396534037089115
133300_1767716100,133300,0,0.09041653945390907,0.11613401991791117,0.02280211553539565,0.033198541163092336,0.026048306681278242,0.001,0.07109116329959471
133300_1767716400,133300,1,0.10252402906734852,0.11384455466218381,0.027389350989470877,0.03569360705854278,0.025866386784230165,0.001,0.06985547072320698
133300_1767718800,133300,1,0.11653450877457935,0.11464440032678865,0.03311016829516461,0.05019679198035005,0.032265630676458705,0.001,0.07345501550162367
133300_1767719400,133300,0,0.23017691694244502,0.2958678460645519,0.06730327898085467,0.14868056858259296,0.2099341741049518,0.3350563042009952,0.25290101008475185
133300_1767719700,133300,0,0.28091219836063,0.3833592343368407,0.07936645419356608,0.12687966907815876,0.26706759401606184,0.38167142961357214,0.3252134141764513
133300_1767720000,133300,0,0.5145075489053605,0.4939976368867194,0.5407170095013071,0.6630965353279187,0.5250253026317143,0.6524247497303663,0.5095114697592169
133300_1767720300,133300,0,0.11315185400267588,0.11343029436220277,0.03448132007510031,0.051604118276227545,0.033279009967074995,0.005103290290493834,0.07335465216463888
133300_1767722400,133300,1,0.13766576760330324,0.12086727287919295,0.0806912767284378,0.06550763674692948,0.053587732631353406,0.001,0.08722750275527318
133300_1767722700,133300,1,0.6213903516937412,0.5874643486519314,0.8030768924016343,0.8482225162754381,0.7399841475555079,0.7126921436074551,0.6637242481037197
133300_1767723000,133300,1,0.7187207268318009,0.6992670990827473,0.8356560940026205,0.867939711425939,0.8261455337400827,0.9201371151667671,0.762706316411415
133300_1767723600,133300,0,0.33875837206279846,0.3271644638021965,0.1601999967893991,0.1485064042212406,0.09922043027784422,0.6599585183205499,0.21319244704002036
133957_1767666600,133957,0,0.1121320512676057,0.11111549484964987,0.018592616703531288,0.023051886760496142,0.008821488181937594,0.001,0.05996849151579373
133957_1767666900,133957,0,0.0723987929322143,0.09097891328596674,0.014164875197697078,0.02391046231028954,0.012085723893893728,0.001,0.05153231858993024
133957_1767667200,133957,0,0.08502473438980038,0.12908265439455563,0.0252766684874858,0.038617934938084776,0.029999660871317474,0.001,0.07954115763293655
133957_1767667500,133957,0,0.08579150194213302,0.1517969454246232,0.015279972056927733,0.018050162094594396,0.021718706596169517,0.001,0.08675782601039635
133957_1767667800,133957,0,0.07917150699145226,0.11588353362812603,0.025843812067193148,0.02846265592849373,0.028194493430941398,0.001,0.07203901352953372
133957_1767668100,133957,0,0.08842628078059671,0.09928437404687591,0.026667136960782403,0.022459829019774887,0.030499807924178515,0.001,0.06489209098552721
133957_1767668400,133957,0,0.08934665961099385,0.10148130445841577,0.025583380338584448,0.024707661997853896,0.029114705900131155,0.001,0.06529800517927346
133957_1767669300,133957,0,0.06007575330642863,0.08117589422493807,0.015848423539507037,0.016469906732216814,0.016239326743664868,0.001,0.048707610484301465
133957_1767669600,133957,0,0.05888862546575824,0.07720330831638465,0.018433655737680455,0.020307306502052678,0.01854010870591381,0.001,0.04787170851114923
133957_1767669900,133957,0,0.07491773865235073,0.08246144370129349,0.02825528265685629,0.035590235856276436,0.030786181171638772,0.001,0.05662381243646613
133957_1767670200,133957,0,0.09167329502648076,0.13815481356994294,0.028573680005759522,0.04263293069776257,0.03629628378338983,0.001,0.08722554867666639
133957_1767670500,133957,0,0.120644110818401,0.1606989267003871,0.04123423022412032,0.06488703034200162,0.09713030175887685,0.001,0.12891461422963196
133957_1767670800,133957,0,0.2755511513430298,0.3374435480023724,0.24442543924764623,0.2972922090742426,0.34472002657735024,0.38965968348459845,0.3410817872898613
133957_1767671100,133957,0,0.1736645076494203,0.22404322997554066,0.1305687518391979,0.12356870996671702,0.1053681262096957,0.15430606129482682,0.16470567809261819
133957_1767671400,133957,0,0.08750584129726484,0.07686286885459755,0.03473404360806167,0.05472001973492839,0.025652266218961012,0.001,0.05125756753677928
133957_1767671700,133957,0,0.1106665379374603,0.08643321464783545,0.03686851215367481,0.05498836131546447,0.05722096383366286,0.001,0.07182708924074915
133957_1767672000,133957,0,0.06429392568791888,0.04603046703686094,0.012133585841643216,0.015380046994317635,0.012859557761965902,0.001,0.029445012399413422
133957_1767672300,133957,0,0.09764843422620037,0.0991069183187928,0.06881617393083087,0.0590782263769351,0.0447166008040726,0.001,0.0719117595614327
133957_1767672600,133957,0,0.10059549010595176,0.07936792203340302,0.053746603536532905,0.05102561500954523,0.038256351286050524,0.001,0.058812136659726774
133957_1767672900,133957,0,0.11024345443357089,0.0791670360803728,0.03822906382613512,0.036723138582670296,0.0349375969410773,0.001,0.05705231651072505
133957_1767673800,133957,0,0.09858208819687869,0.09118441819077162,0.017360871774895714,0.016287637554797448,0.01020382595848957,0.001,0.050694122074630595
133957_1767674100,133957,0,0.06620437792225956,0.09288708740862262,0.023149684848596763,0.028004924167147494,0.018309021922177614,0.001,0.05559805466540012
133957_1767674400,133957,0,0.07846967537442825,0.07903500791274015,0.03416629167870842,0.04520637085486568,0.034097584155141934,0.001,0.056566296033941046
133957_1767674700,133957,1,0.14475926588181032,0.16706146918109968,0.08016721501613017,0.11793522222547884,0.09950554431783643,0.08516772709241682,0.13328350674946804
133957_1767675000,133957,0,0.16536296845335574,0.188380770712137,0.15888877585650005,0.19519465727880064,0.21391590412114334,0.12954115156076695,0.20114833741664018
133957_1767675300,133957,0,0.29525971846545845,0.3116033737866634,0.2198812380935118,0.32819454204573845,0.3455333238277297,0.3251525739261836,0.32856834880719654
133957_1767675600,133957,0,0.17396996504226084,0.16327868426440784,0.07368969560354739,0.11933918778116838,0.07545586352498806,0.09603355033645355,0.11936727389469795
133957_1767675900,133957,0,0.12229640546798586,0.09847454766519739,0.037853836172426776,0.05902277841064046,0.03555531216925548,0.001,0.06701492991722643
133957_1767676200,133957,0,0.09078381660541186,0.06949318988263696,0.029645342695015245,0.04063832945390706,0.08699940011424222,0.001,0.07824629499843959
133957_1767676500,133957,0,0.07755499080436432,0.1346907660543524,0.019848920695893304,0.023741806994689422,0.03282654870904974,0.001,0.08375865738170107
133957_1767676800,133957,0,0.11055353555814237,0.13394872309513098,0.04524932234477354,0.055571602085903046,0.045329463380672765,0.001,0.08963909323790187
133957_1767677100,133957,0,0.2625977142008084,0.2213705752133901,0.2651878845775989,0.2970691904366185,0.25164281867936794,0.2748632492607891,0.23650669694637902
133957_1767677400,133957,0,0.1037762697913711,0.09886706887587443,0.057751330748654475,0.0616052894954547,0.0396653423103212,0.001,0.06926620559309782
133957_1767679500,133957,0,0.05786208186888963,0.06923742939252266,0.015543388915706393,0.023482720097667158,0.017582647998114192,0.001,0.043410038695318426
133957_1767679800,133957,0,0.07813419530360366,0.07555495044555145,0.023479727693027586,0.0357006030909517,0.017201067402909095,0.001,0.046378008924230274
133957_1767680100,133957,0,0.0888734434520549,0.11396142294739814,0.031478824160870715,0.04614704065886348,0.037878331565967704,0.001,0.07591987725668292
133957_1767680400,133957,0,0.14317366435788592,0.14660100868998657,0.061696514569954716,0.07480794468236326,0.08631551829893326,0.11784090346383369,0.11645826349445992
133957_1767680700,133957,0,0.1584622043092442,0.23202687211772205,0.05818259789402275,0.08678008595588606,0.16153580928096242,0.2390909606664452,0.19678134069934222
133957_1767681000,133957,0,0.20432803046090744,0.18517216224472582,0.06609725798940141,0.11449813308031814,0.055491703628880715,0.053900373162595105,0.12033193293680328
133957_1767681300,133957,0,0.12440612960707201,0.11924252900771751,0.0450709449477128,0.06498523843558235,0.0442089176519493,0.001,0.08172572332983341
133957_1767681600,133957,0,0.1250103981406892,0.10825558528444712,0.06337782272140562,0.06848527674015191,0.04717319297419704,0.001,0.07771438912932208
133957_1767681900,133957,0,0.10775826613859558,0.13113509055581252,0.022782559211014273,0.02971567609685651,0.08617083707003513,0.014784011339109338,0.10865296381292383
133957_1767682200,133957,0,0.06919670041720992,0.07898226865698241,0.01753052652109596,0.018018165388235592,0.0230154770017132,0.001,0.0509988728293478
133957_1767682500,133957,0,0.0997639999118381,0.08588714120414988,0.0333297241974449,0.0367676943197512,0.027218568687255,0.001,0.05655285494570244
133957_1767682800,133957,0,0.11065124652536568,0.08758528082579271,0.04107281324153895,0.04352399718589613,0.03239427605377965,0.001,0.05998977843978618
133957_1767683100,133957,0,0.12436723977765046,0.11462166386929078,0.04446614794694521,0.04633908179309237,0.04380576345575096,0.001,0.07921371366252086
133957_1767683700,133957,0,0.11041693694862031,0.08176037322053778,0.02969628293813302,0.03252686584915368,0.017737332837955994,0.001,0.049748853029246885
133957_1767684000,133957,0,0.11720039005639014,0.12181180597634202,0.044390568708674805,0.05461275071968849,0.046004349506795786,0.001,0.0839080777415689
133957_1767684300,133957,0,0.11092981137004979,0.12179017451555037,0.06745465262936684,0.07660124461640566,0.07051843082272094,0.001,0.09615430266913566
133957_1767690000,133957,0,0.06920692306834418,0.11081987116999345,0.015915570961345795,0.0218546974694607,0.021181549499942737,0.001,0.0660007103349681
133957_1767690300,133957,0,0.07339768236959344,0.06680841104207492,0.01962961532510264,0.021233514177850597,0.016835148530212722,0.001,0.04182177978614382
133957_1767690600,133957,0,0.08539056537953635,0.08582593839307535,0.022744630162129843,0.021395139589127483,0.022094563141360227,0.001,0.05396025076721779
133957_1767690900,133957,0,0.08513608547922767,0.06741973332806041,0.02173914632901045,0.02043012299457321,0.019029992091786192,0.001,0.043224862709923303
133957_1767691200,133957,0,0.0812054755589632,0.07385577074568342,0.022576508880750478,0.02201051056136641,0.021413934822179726,0.001,0.04763485278393157
133957_1767691800,133957,0,0.07917212594730749,0.08561310061275561,0.018216337028100774,0.02001819689861607,0.013894512036835,0.001,0.049753806324795306
133957_1767692100,133957,0,0.09818858362940122,0.10824064454319425,0.03230531993190685,0.034319297003536434,0.029728019040630004,0.001,0.06898433179191213
133957_1767692400,133957,1,0.09503179609507627,0.10628064330038435,0.03479254294461593,0.03738739662640186,0.03328241276762082,0.001,0.06978152803400259
133957_1767692700,133957,1,0.12810634106328367,0.1569680513985362,0.05897862447073735,0.05760308121549045,0.07093447781617027,0.001,0.11395126460735323
133957_1767693000,133957,0,0.45433227750072136,0.4523654322712974,0.2265950372803576,0.2998305159005634,0.2882688791171532,0.5918610766271721,0.3703171556942253
133957_1767693300,133957,0,0.27787645712219444,0.2538747936784792,0.07316036009515446,0.10836679726672324,0.08391104005735746,0.2542741661929069,0.16889291686791832
133957_1767693600,133957,0,0.3057913643800248,0.2825005150103159,0.12542169589606045,0.19175996081446292,0.11734464314596411,0.2562384679855524,0.19992257907814
133957_1767693900,133957,0,0.11360666033314593,0.11511866039377541,0.05834867277637153,0.04615821229036481,0.04478493505100098,0.001,0.0799517977223882
133957_1767694200,133957,0,0.11905706831284978,0.15810394145026405,0.03730389656755632,0.057265342722854724,0.11883767696696161,0.087935176663265,0.13847080920861282
133957_1767694500,133957,0,0.06885016304760015,0.07433375238337282,0.013184104117719187,0.01593319536377003,0.017188471429079533,0.001,0.04576111190622618
133957_1767694800,133957,0,0.11480619058308136,0.09979720892082464,0.03838679404980966,0.04339802847365478,0.03600821038551435,0.001,0.0679027096531695
133957_1767695100,133957,0,0.08410021748484535,0.07643045793119466,0.02288744272781695,0.026133726127086056,0.021075179460410993,0.001,0.04875281869580282
133957_1767695400,133957,0,0.08880923033547079,0.07108097603215437,0.025422073468012406,0.029184162259286595,0.017780612498397658,0.001,0.04443079426527601
133957_1767696000,133957,0,0.08650626813239057,0.07116344293500118,0.020922094323046116,0.021181206761502515,0.013524896858688781,0.001,0.04234416989684498
133957_1767696300,133957,1,0.10705481692491883,0.11431937839146511,0.03357644441468315,0.035616090842178615,0.03543005250882533,0.001,0.07487471545014522
133957_1767696600,133957,1,0.15701499966575796,0.15365304631867877,0.062331364525844396,0.07872756399479064,0.07674959558184045,0.26859720461091985,0.11520132095025962
133957_1767696900,133957,0,0.29340826175000473,0.29641281669820135,0.19025380108903067,0.1756156921371452,0.23063505280814778,0.5328052958197834,0.2635239347531746
133957_1767697200,133957,0,0.3995674246591919,0.38897848212564456,0.14051347928363492,0.14306804403435253,0.24266623380546096,0.4282801268236057,0.31582235796555275
133957_1767697500,133957,0,0.3503310994298552,0.26687722218991117,0.057108029765557886,0.08501715297535546,0.1348133178855181,0.3477379831284668,0.20084527003771463
133957_1767697800,133957,0,0.16228568532276458,0.18966046761861896,0.0552136777395146,0.10420696288349661,0.05400034875757471,0.14874336624018014,0.12183040818809683
133957_1767698100,133957,0,0.11580727542404241,0.09627553433784954,0.028422012256435543,0.043340959570312296,0.024659289551805453,0.001,0.06046741194482749
133957_1767698400,133957,0,0.10604496620580257,0.15710153706232596,0.048269590730957226,0.07317028228940459,0.12638820161620057,0.001177390944258061,0.14174486933926328
133957_1767698700,133957,0,0.07156034250699027,0.11764713509282415,0.013117300092055003,0.01803799430770088,0.018239602229832636,0.001,0.0679433686613284
133957_1767699000,133957,0,0.07929643903918956,0.0861292595504912,0.02244395284775379,0.021275952434495614,0.024359066656191274,0.001,0.05524416310334124
133957_1767699300,133957,0,0.08504942748833019,0.08772169908605745,0.027823456403693353,0.0267767776058175,0.02528931339105085,0.001,0.05650550623855415
133957_1767699600,133957,0,0.0781104700452156,0.07164426359432552,0.022377269052255466,0.020383456092383862,0.01511808355147094,0.001,0.04338117357289823
133957_1767699900,133957,0,0.07861437015058624,0.0712526743415151,0.022177677620425232,0.02192610036147154,0.019107113395771803,0.001,0.04517989386864345
133957_1767700200,133957,0,0.06141375582027691,0.0629876869151345,0.01459861865762316,0.00887858087720519,0.012503166849867327,0.001,0.03774542688250091
133957_1767700500,133957,0,0.07028637422497847,0.09450687317108349,0.013656927985346654,0.010978351483269281,0.01631926891853637,0.001,0.05541307104480993
133957_1767702600,133957,1,0.1269547551779008,0.114016236361757,0.04416912412380261,0.05335009667638603,0.041789021686096696,0.02176010131922479,0.07790262902392685
133957_1767702900,133957,0,0.24076340808520202,0.22757665632792043,0.052056128403703085,0.07118567077045278,0.12875364983147267,0.28560328936835555,0.17816515307969655
133957_1767703200,133957,0,0.313258030917006,0.2659794629107019,0.049650108756279565,0.05710047759480162,0.0973419078473569,0.2843152617651764,0.1816606853790294
133957_1767703500,133957,1,0.3759753875652913,0.29603959317564216,0.12692619285645387,0.13680589271814536,0.11150766426266301,0.36248539195255436,0.20377362871915258
133957_1767703800,133957,0,0.11026656687934666,0.11763097399443992,0.0379417766200023,0.03552110384074819,0.04061662147440933,0.011593902733320616,0.07912379773442463
133957_1767704100,133957,0,0.3175274491834776,0.24629627986991645,0.09625019846541553,0.1020699158775009,0.09566011312062794,0.37255333314185646,0.17097819649527218
133957_1767705600,133957,0,0.09939912554612283,0.08847628061726567,0.030068302892365048,0.03938606710826805,0.035869542301092246,0.001,0.062172911459178956
133957_1767705900,133957,0,0.11948623222094833,0.10637809452379798,0.045402524523816504,0.06314213800060946,0.037813823783625314,0.01606487449831362,0.07209595915371164
133957_1767708000,133957,1,0.4788180899098418,0.5323111313773424,0.42579455988325804,0.46964924599551533,0.5115243148258696,0.7039536862129355,0.521917723101606
133957_1767708300,133957,1,0.4395720233298405,0.42667635495975836,0.28280172542933674,0.31673827047673087,0.40704434456310234,0.5466169303180597,0.4168603497614304
133957_1767708600,133957,1,0.49765621400385734,0.5773394604404278,0.31853007970702957,0.37023846802392946,0.3670059393172017,0.5796491961224282,0.47217269987881477
133957_1767708900,133957,1,0.5748284845983714,0.5232818148264067,0.3728360355970191,0.4643880514634628,0.34780865964678814,0.5940767385432182,0.43554523723659744
133957_1767709200,133957,0,0.2667570676451523,0.23782294505345805,0.08558572184430703,0.08272728264482658,0.09309700745580488,0.2787403103995101,0.16545997625463146
133957_1767711600,133957,0,0.6086505009034529,0.5962096504482911,0.48808981222928166,0.5202134534994256,0.574340614184246,0.5863927866588556,0.5852751323162686
133957_1767711900,133957,0,0.44157414222229024,0.44234844848195976,0.35433739101428047,0.4063153953437952,0.36109473038268725,0.5243661329150577,0.4017215894323235
133957_1767712200,133957,0,0.1596927000554644,0.12414010839706303,0.06852742988020039,0.09113435199552407,0.055640786005891,0.021911318981447714,0.08989044720147701
133957_1767712500,133957,0,0.10991020339595708,0.17541095047693617,0.046937303288954686,0.09102317429868438,0.14484258229371474,0.09268263930496068,0.16012676638532547
133957_1767712800,133957,0,0.09069527759851703,0.1096429861632309,0.023557978027366228,0.029331301798329885,0.03204922671494901,0.001,0.07084610643908995
133957_1767713100,133957,0,0.08268563463089212,0.09706387994594083,0.02458500947343409,0.030483273488202896,0.025626762618865737,0.001,0.06134532128240328
133957_1767713400,133957,0,0.07978250166241471,0.10381271502932005,0.028075074439079382,0.03305517873132116,0.027761173326601777,0.001,0.06578694417796091
133957_1767713700,133957,0,0.06981407869135942,0.059936295073058775,0.02524931367739259,0.036422698617242476,0.0206864644653914,0.001,0.04031137976922509
133957_1767716400,133957,0,0.07766101077816057,0.07111617192457496,0.027755265813544493,0.037627033095463364,0.03836744127836814,0.0021940176254090504,0.05474180660147156
133957_1767716700,133957,0,0.09269973878753618,0.08362239783551709,0.04712700494574539,0.0581474094955897,0.04044144013610228,0.030535969099193983,0.06203191898580968
133957_1767718800,133957,0,0.08128157158250696,0.1167307262147028,0.024753421026848674,0.035463933186946774,0.08221063795597551,0.001,0.09947068208533916
133957_1767719100,133957,0,0.0828048343871186,0.08722618765349481,0.01765978937623956,0.01749464642825931,0.02232490872352361,0.001,0.05477554818850921
133957_1767719400,133957,0,0.09634703822358873,0.08886182386267011,0.027114966584525273,0.029549976127309984,0.02363136830427211,0.001,0.05624659608347111
133957_1767719700,133957,0,0.07830205597043435,0.06027828842634142,0.03323144596419616,0.033472140783538176,0.027014557629890742,0.001,0.04364642302811608
133957_1767720000,133957,0,0.08135065428483115,0.0634831740749161,0.02524389798912981,0.02781504834686971,0.02366958463866495,0.001,0.043576379356790526
133957_1767720900,133957,0,0.09912690597149366,0.09559093942787543,0.02308598556198868,0.02488831274415189,0.025653247779238456,0.001,0.06062209360355694
133957_1767721200,133957,0,0.07223972400270806,0.07860312033931235,0.030233356053441778,0.029724979519216314,0.03375970005056698,0.001,0.05618141019493966
133957_1767721500,133957,0,0.1135326332187184,0.10336073107793106,0.0374525945786039,0.03829400969337853,0.04611453728393995,0.001,0.07473763418093551
133957_1767721800,133957,0,0.09612219518785174,0.09809923967442095,0.04381471969080202,0.052932621415405966,0.05189344479239427,0.0726033191924712,0.07499634223340762
133957_1767722100,133957,0,0.1502101439028644,0.1754667012041109,0.06957529270939378,0.08206136109763193,0.1432059019054054,0.10744821507711522,0.15933630155475814
133957_1767729000,133957,0,0.13944063472011206,0.14431428655625547,0.05142860631634128,0.09140692472006436,0.05656936670383245,0.3124128266616947,0.10044182663004396
133957_1767729300,133957,1,0.17886013789183405,0.19211990278117505,0.12178975682492688,0.16561936782517006,0.10943988814301746,0.3221941818009115,0.15077989546209625
133957_1767729600,133957,0,0.5149967491500758,0.42811108998248965,0.5687678961220585,0.5962429945331694,0.5234204936028516,0.5885106421160309,0.47576579179267064
133957_1767729900,133957,0,0.5955687994164325,0.6272814960140465,0.6686092260991495,0.7320196426271339,0.7467800118965958,0.7380775636015555,0.6870307539553211
133957_1767730200,133957,0,0.6966227695277185,0.6637462179445318,0.6936322651122596,0.7333137826708389,0.7547089196973196,0.7136785004099517,0.7092275688209257
133957_1767730500,133957,0,0.49031835973715143,0.4775244196157405,0.4348221619394455,0.5407561640270515,0.5174136447108456,0.579736507979993,0.4974690321632931
133957_1767730800,133957,0,0.2345272458671881,0.23704769064093242,0.1611966483934073,0.2334241406714093,0.18420614092556717,0.1811429459336662,0.2106269157832498
133957_1767731100,133957,0,0.1863985342700138,0.24290194560253012,0.11694180830983564,0.2606383848175251,0.1530731425608649,0.11633101427574022,0.1979875440816975
133957_1767731400,133957,0,0.1106207881328071,0.13493445098912518,0.021377506626289178,0.02893240327632327,0.03211695032589974,0.001,0.08352570065751247
133957_1767731700,133957,0,0.19700112614682394,0.2531031935585047,0.15378510030543643,0.14621660812970463,0.22729162205165568,0.23472520272900688,0.2401974078050802
133957_1767732000,133957,0,0.167451100050398,0.1466411865777654,0.10103093117411764,0.14281006610171632,0.15875745114970824,0.0077164215976853745,0.15269931886373683
133957_1767732600,133957,0,0.17553199430184563,0.13162497912852414,0.07921870089941681,0.12724347796255528,0.08358503846739725,0.001,0.1076050087979607
133957_1767732900,133957,0,0.21406842369492066,0.2086874559405217,0.17989162784809565,0.24203076809711976,0.18601124614598866,0.001,0.19734935104325518
133957_1767733200,133957,0,0.2648719184458219,0.2610395116953803,0.29690391297843777,0.3465112776912674,0.32867165069707716,0.295839070042196,0.29485558119622873
133957_1767733500,133957,0,0.1028000527458966,0.1527924651462682,0.02869173019929284,0.03418524850295488,0.03101847064807699,0.001,0.0919054678971726
133957_1767733800,133957,0,0.14539835276498367,0.18341867963284383,0.03868718513675991,0.0656178840008891,0.03611169987070187,0.001,0.10976518975177285
133957_1767734100,133957,0,0.17098549990891768,0.18112793882102582,0.08692240486685811,0.163370714712008,0.10047149358314293,0.001,0.14079971620208437
133957_1767734400,133957,0,0.146623563884088,0.1362331904935299,0.05267535260490069,0.06429189379097426,0.058320055846566445,0.001,0.09727662317004816
133957_1767734700,133957,0,0.1471482800848621,0.21769076476273475,0.0707157688578166,0.11395768598373583,0.14660148830483377,0.025737811189101567,0.18214612653378426
133957_1767735000,133957,0,0.09094028171526823,0.12610633315444297,0.01508296100608634,0.015711436845271903,0.02323940506320359,0.001,0.07467286910882329
133957_1767735300,133957,0,0.14262449441640945,0.14710854972424334,0.055240709355580744,0.054867202322491926,0.0631683151893951,0.001,0.10513843245681923
133957_1767735600,133957,0,0.09870846356377844,0.10040163139992175,0.03879635333023242,0.03759304400096243,0.04329588770041809,0.001,0.07184875955016992
133957_1767736800,133957,0,0.1448049366806616,0.11219679620142074,0.03594732016471064,0.040678108311927065,0.030073812677533902,0.1172190515843714,0.07113530443947733
133957_1767737100,133957,0,0.15709648797996636,0.15976899650911475,0.07686350121290798,0.07329496914691587,0.06609588337794577,0.1016002153114921,0.11293243994353025
133957_1767737400,133957,0,0.3613369001175926,0.3135326363727016,0.3466476118388189,0.3885534682925967,0.31529080000591103,0.5423407422626478,0.31441171818930636
133957_1767737700,133957,0,0.10228117687795213,0.11975065888660572,0.04636354744479654,0.045830190739828594,0.06483226182901537,0.01900081921363972,0.09229146035781055
133957_1767738000,133957,0,0.14425085974804933,0.151351875556928,0.03650991708348631,0.05283318983046784,0.056220542116086396,0.001,0.1037862088365072
134040_1767667800,134040,0,0.03824514624557469,0.032468857288019785,0.01566812755353424,0.01917032146646884,0.012329480349848619,0.001,0.022399168818934202
134040_1767668100,134040,0,0.05911958208993284,0.06795090895050637,0.03201520732693126,0.03353689935412023,0.029222268923976495,0.001,0.04858658893724144
134040_1767670200,134040,0,0.11392115221027167,0.09491211138247031,0.04846576703610701,0.05010311259791177,0.02176558523092975,0.052379011801107156,0.05833884830670003
134040_1767670500,134040,0,0.18780209774719242,0.1553527785419982,0.09367761300788793,0.0908496015051436,0.07179521465836891,0.18257627652122377,0.11357399660018355
134040_1767670800,134040,0,0.19588837748728102,0.22640228383891212,0.0656192280148457,0.08503181551980848,0.10087249794375322,0.1543116372673461,0.16363739089133267
134040_1767671100,134040,0,0.3789829669949941,0.3577860317681296,0.24283089677791966,0.2728775555513424,0.22378711501761883,0.4435623989685008,0.2907865733928742
134040_1767671400,134040,0,0.21740081584514176,0.20965734006494988,0.11679243724004498,0.16983765215425103,0.12745288487847842,0.08118224417162145,0.16855511247171415
134040_1767671700,134040,0,0.1320601087602751,0.14958684421676482,0.0907511693007493,0.1361031402773529,0.10838478275377719,0.05404252143335464,0.128985813485271
134040_1767677400,134040,0,0.21794296208228908,0.23272083498903967,0.13271393266934073,0.171934917747108,0.08857537880459594,0.2265388219763652,0.1606481068968178
134040_1767677700,134040,1,0.19940809249549998,0.19352335663142728,0.11701306671268111,0.1777778162496984,0.07736983504591245,0.09275544418020543,0.13544659583866986
134040_1767678000,134040,0,0.21306111100399436,0.18456938778395607,0.11657037607137864,0.15524893447274624,0.06364152708647475,0.05617726628210451,0.12410545743521541
134040_1767679800,134040,0,0.03220072840013972,0.037123697386181195,0.009660119979250962,0.009251387315343756,0.0088303588498935,0.001,0.022977028118037347
134040_1767680100,134040,0,0.035372274952005844,0.04335239008254379,0.011412626324618879,0.009571525385940926,0.009733638985911322,0.001,0.026543014534227555
134040_1767680400,134040,0,0.0799191657642085,0.09369217544912554,0.019012439310316674,0.015786747331246798,0.01774995745422477,0.001,0.055721066451675155
134040_1767680700,134040,0,0.13486283006410624,0.1243123934931953,0.03162616778384431,0.0377570263861607,0.02182536430681079,0.001,0.07306887890000305
134040_1767681000,134040,0,0.12321179315121653,0.09921689539389969,0.036434206938728196,0.046428396936494656,0.029773770902088686,0.001,0.06449533314799419
134040_1767681300,134040,0,0.1481695402968169,0.11873671883839002,0.04675493407671085,0.056403985042090474,0.04025826127926225,0.001,0.07949749005882613
134040_1767681600,134040,0,0.11234366051942309,0.11732248375143864,0.04375701281001372,0.0486996346769026,0.05949228788746189,0.006029327698433562,0.08840738581945026
134040_1767681900,134040,0,0.08003692833867888,0.06892154767384953,0.015825869785104536,0.016030177092913257,0.011135824056005496,0.001,0.04002868586492751
134040_1767682200,134040,0,0.05366812231004207,0.06561224404820819,0.016036054166035707,0.01677271279976022,0.011650179291089021,0.001,0.038631211669648606
134040_1767682500,134040,0,0.07204924281139814,0.07138733366568299,0.028180963971562677,0.0294001370941781,0.018631750105379857,0.001,0.045009541885531426
134040_1767688200,134040,1,0.10213655372623577,0.12883270290323373,0.031412880816236194,0.041304289248241935,0.04671673213957253,0.001,0.08777471752140313
134040_1767688500,134040,0,0.1910105407085061,0.2199486345907588,0.08318905142206667,0.09371495476692582,0.0839712104047789,0.1387014511744764,0.15195992249776885
134040_1767688800,134040,0,0.18448420384876538,0.220310325536458,0.08013560627979949,0.08939276778211683,0.09283270964660263,0.08278263589236645,0.15657151759153032
134040_1767689100,134040,0,0.14707516787128339,0.15012159494887312,0.0645145302119544,0.07402374172876008,0.05609795623978639,0.18055577547787804,0.10310977559432975
134040_1767689400,134040,0,0.23369353761044795,0.20350734494473177,0.08739655543330563,0.1691626423411979,0.05404251037409122,0.05610489800399221,0.1287749276594115
134040_1767689700,134040,0,0.22342611094537845,0.17429722995361277,0.08738066732589879,0.1521010289774648,0.04123207646173919,0.059714710268153226,0.10776465320767598
134040_1767690000,134040,1,0.22411768530204856,0.14440532806759795,0.10874148625741943,0.1903589613993572,0.05571615719904447,0.015353165627098875,0.10006074263332121
134040_1767690300,134040,0,0.17827525803854116,0.1708563047714867,0.13334600798608945,0.19810096456516446,0.056024296416721645,0.049537322337272816,0.11344030059410418
134040_1767703200,134040,0,0.027651074733243845,0.03156616950921445,0.006062205724723159,0.006088269760264299,0.004505269592345324,0.001,0.01803571955077989
134040_1767703500,134040,0,0.03819987143301002,0.037322948726086984,0.014016779137962008,0.01287012604673736,0.009857039853636791,0.001,0.023589994289861888
134040_1767703800,134040,0,0.08300257652636019,0.07903703383287068,0.021671293140034995,0.019708345674446886,0.020374348693574962,0.001,0.04970569126322282
134040_1767704100,134040,0,0.1125553112468836,0.12370364708842412,0.030101558098953828,0.02778912863996753,0.024586337157164052,0.001,0.07414499212279409
134040_1767704400,134040,0,0.15956851051401041,0.15814235230888046,0.07936012251170405,0.08877789904102645,0.051724428922236866,0.009773964277386082,0.10493339061555866
134040_1767704700,134040,0,0.15091841029157899,0.16068127626056042,0.09181528071241575,0.1003583833067681,0.05134062865394315,0.0016394094515281843,0.10601095245725178
134040_1767705000,134040,0,0.14999943870686352,0.16072120609926874,0.055196642460527565,0.058736743787651466,0.03453858985345568,0.04012971514551167,0.0976298979763622
134040_1767705300,134040,0,0.11078789629031938,0.11278390147852173,0.062424952971730854,0.06996942123659886,0.07162630782524522,0.001,0.09220510465188347
134040_1767705600,134040,0,0.054359421766871655,0.07434116589185626,0.021534405812997464,0.016876810088200637,0.017025329667791904,0.001,0.04568324777982408
134040_1767705900,134040,0,0.0799273433975508,0.07043707628109552,0.027994330601100074,0.02564626953404069,0.018489543018334696,0.001,0.04446330964971511
134040_1767706200,134040,0,0.0980515263322409,0.07746492503952579,0.04563229916858903,0.037780584949095,0.027086411167832343,0.006522590672922712,0.05227566810367906
134040_1767706500,134040,1,0.1018015300308706,0.14667965178417583,0.07212094559016687,0.05800852797461464,0.12063576362281216,0.0026650014126888832,0.133657707703494
134040_1767706800,134040,1,0.2300144268301549,0.2700110528268201,0.09825878933336854,0.11189423105649951,0.09362548774064357,0.20290377140332128,0.18181827028373182
134040_1767707100,134040,1,0.20868995803419899,0.1961817301892492,0.07624882439840693,0.0817706419330135,0.08240721701355573,0.001,0.13929447360140246
134040_1767707400,134040,1,0.3342689861579638,0.2807380308999335,0.14043585042081555,0.14205695218761574,0.07236927048346693,0.298199710836765,0.1765536506917002
134040_1767707700,134040,1,0.3269013724398259,0.3648696631766238,0.302352798552096,0.32035622708411304,0.2550318182987553,0.47123514855753434,0.3099507407376896
134040_1767709800,134040,0,0.15166444871678464,0.17092294568267688,0.07747742290884092,0.1089724830830132,0.08382898280907526,0.001,0.12737596424587608
134040_1767710100,134040,0,0.12627268823085613,0.12005353927340216,0.051374006420603,0.056771869208583396,0.026935804848655247,0.001,0.0734946720610287
134040_1767710400,134040,0,0.18525343721274573,0.1868180372124665,0.09586170318866374,0.12699805101307904,0.07079105821857663,0.023936851516826008,0.12880454771552158
134040_1767710700,134040,0,0.1654371629347721,0.16774432458964406,0.11131141653670071,0.1312559387928971,0.09079355889369004,0.001,0.12926894174166703
134040_1767711000,134040,1,0.12389223068521928,0.12076059231232993,0.03761614631668381,0.03482056941585565,0.02771136615536438,0.011259803591625483,0.07423597923384716
134040_1767711300,134040,1,0.09422216918392373,0.08155133967942735,0.03656490897314187,0.034701707133726875,0.02559875966618128,0.001,0.05357504967280431
134040_1767711600,134040,1,0.15776585800593276,0.12051635544844772,0.049698069179380584,0.04556160260570694,0.031148684456049066,0.11676873982920122,0.07583251995224839
134040_1767711900,134040,1,0.4146839510970812,0.37803557882520095,0.44845124082537613,0.3637715403089094,0.2757840278150061,0.587921265735371,0.32690980332010355
134040_1767712200,134040,1,0.4364802676865961,0.387304222341153,0.42357425942300897,0.3768291985978211,0.3912995331773254,0.6067329997806239,0.3893018777592392
134040_1767712500,134040,1,0.3586165874088551,0.36455434890238236,0.16343875792714627,0.17231708357920944,0.18639606153878757,0.5187916042360887,0.275475205220585
134040_1767712800,134040,1,0.2569010258663738,0.24625418528021314,0.08744475161430963,0.10488517273093773,0.10663433216099322,0.19371146869286693,0.17644425872060318
134040_1767713100,134040,0,0.1922436402998569,0.21541902296703586,0.12542032772228218,0.08713062923888013,0.10484616189429095,0.3050132206327827,0.1601325924306634
134040_1767722400,134040,0,0.38817555187913777,0.3607969277229252,0.3200944291902833,0.43458905142213095,0.35242560047756993,0.21142437980241557,0.35661126410024757
134040_1767722700,134040,1,0.4601638400052324,0.4325231876646935,0.4891477072578348,0.6212469918484006,0.4075541232494431,0.28509878428388136,0.4200386554570683
134040_1767723000,134040,1,0.43632667133063024,0.4315052562801661,0.34805958471862697,0.48931677942584867,0.20305480731954204,0.4376241817033305,0.3172800317998541
134040_1767723300,134040,1,0.44037154325064204,0.3356800212936947,0.32267542857251164,0.3800099207828904,0.22422470846164158,0.38789278533932814,0.2799523648776681
134040_1767723600,134040,1,0.6563233519014777,0.6611654771400229,0.7145049512373727,0.6785249589158775,0.7384202984797469,0.8188586589837048,0.6997928878098849
134040_1767723900,134040,1,0.6423700609650025,0.6728837943885415,0.7574898137291278,0.7058064460789155,0.6871109920001444,0.9429944342158562,0.6799973931943429
134040_1767724200,134040,1,0.714212790462567,0.7510788427430491,0.7988154965667205,0.8310943957879942,0.8080411907743809,0.91992252272235,0.779560016758715
134040_1767724500,134040,1,0.5764805356684497,0.4841378139870898,0.5280159055490857,0.6304203881071059,0.43967742796921283,0.7343883474213955,0.4619076209781513
134040_1767735000,134040,1,0.5330978210476077,0.4788309037468049,0.360397366416735,0.3529383288160928,0.22675753812021224,0.7397860151545996,0.3527942209335086
134040_1767735300,134040,1,0.501055567842931,0.40001620801127574,0.39404929679006795,0.3866820991377394,0.22954946926379424,0.7408936638591779,0.314782838637535
134040_1767735900,134040,0,0.2509099208004663,0.14187595236724782,0.02887403606668643,0.02983098793607442,0.015183097048651065,0.45945963854687577,0.07852952470794944
134040_1767736200,134040,0,0.17227470747987228,0.11284765907676997,0.028864439003013637,0.030186007261736605,0.019630108733760473,0.4609641163448238,0.06623888390526522
134040_1767736500,134040,0,0.3157830957110272,0.2534150744572953,0.19646268901134664,0.2074260710981904,0.11543660214995304,0.6321625229668665,0.18442583830362416
134040_1767736800,134040,0,0.046534802574342206,0.046062238431100744,0.008792291648904774,0.00780355643342752,0.008141143704953233,0.001,0.027101691068026987
134040_1767737100,134040,0,0.05351210601713104,0.04824002391629647,0.00989487733903644,0.009460110716409701,0.008266775750563045,0.001,0.028253399833429758
134040_1767737400,134040,0,0.062407671035884425,0.04134038226159744,0.029118244005612425,0.025473345941539365,0.015445145803459502,0.001,0.02839276403252847
134040_1767737700,134040,0,0.06289489404378243,0.05011517349733754,0.026733811428406702,0.024998311952682397,0.01528883030140308,0.001,0.03270200189937031
134040_1767738000,134040,0,0.05224312174270451,0.04263746566304641,0.025358029406151516,0.02375228778277059,0.015655240401883912,0.001,0.029146353032465162
134040_1767738300,134040,0,0.06289151266515573,0.0412105297120726,0.027623236429004168,0.02421999947235847,0.015563015600968084,0.001,0.028386772656520343
134040_1767738600,134040,0,0.07385074533051345,0.047289749434954086,0.03211936847658046,0.028106435851381516,0.018066070027510473,0.001,0.03267790973123228
134040_1767738900,134040,0,0.08084794205447629,0.06869548688162189,0.012800882553068637,0.0140170883895925,0.011755433031979942,0.001,0.040225459956800914
134040_1767739200,134040,0,0.11724356023388223,0.13772923788497551,0.025251875733405316,0.029808271881754275,0.02649715828652998,0.001,0.08211319808575275
134040_1767739500,134040,0,0.11557932988272669,0.12974707164594865,0.06296066501000641,0.05420102394602333,0.03937717739078461,0.001,0.08456212451836663
134040_1767739800,134040,0,0.12240905350961212,0.17735733979524593,0.040421244625408755,0.03736440418077478,0.035557465220352386,0.001,0.10645740250779916
134040_1767740100,134040,0,0.18991040206617948,0.23882918481905005,0.03211763379650633,0.054112011644590764,0.05259611427976404,0.001,0.14571264954940705
134040_1767740400,134040,0,0.12637885814544098,0.14573447036555606,0.01858238378760751,0.023785509300822526,0.03503204141122431,0.001,0.09038325588839019
134040_1767740700,134040,0,0.13585837915848337,0.1445158259643924,0.0253113947643723,0.029313077309184813,0.03687515940949044,0.001,0.09069549268694142
134494_1767738000,134494,0,0.03799860513075611,0.03716310888251637,0.007850997389111753,0.008602254285264004,0.007445353482211729,0.001,0.02230423118236405
134494_1767738300,134494,0,0.04181899900606091,0.0359070831275391,0.011124960859189386,0.010007867927224023,0.010697415604690836,0.001,0.023302249366114965
134494_1767738600,134494,0,0.047521222950194654,0.03946685204154039,0.011124960859189386,0.011975096104131257,0.010697415604690836,0.001,0.025082133823115613
134494_1767738900,134494,0,0.07817981517169575,0.06160084810501288,0.014824548269180124,0.013017165903995487,0.01144709103699299,0.001,0.036523969571002936
134494_1767739200,134494,0,0.05736592599063934,0.044486025956761106,0.011124960859189386,0.012281066769826045,0.011069903841083749,0.001,0.02777796489892243
134494_1767739500,134494,0,0.07686069887095283,0.05403977357369337,0.012412990942438041,0.012222104323129618,0.01023418343981579,0.001,0.03213697850675458
134494_1767739800,134494,0,0.07661422996847596,0.05287149701346967,0.009557916683543102,0.009535839405936395,0.0077502612655166924,0.001,0.030310879139493183
134494_1767740100,134494,0,0.049181907173762834,0.039799514426795864,0.011124960859189386,0.012159812548620101,0.011069903841083749,0.001,0.025434709133939807
134494_1767742200,134494,0,0.05745914384160789,0.047172809481223064,0.011124960859189386,0.011753770067417436,0.010697415604690836,0.001,0.02893511254295695
134494_1767742500,134494,0,0.05977144793796073,0.045346460845052915,0.011124960859189386,0.012106869785002828,0.011069903841083749,0.001,0.028208182343068332
134494_1767742800,134494,0,0.08040982093771801,0.053704907315171004,0.012412990942438041,0.01241058302265714,0.010590714423892242,0.001,0.032147810869531626
134494_1767743100,134494,0,0.07715114636156309,0.054247001025241055,0.012412990942438041,0.012048733470790645,0.01023418343981579,0.001,0.032240592232528426
135081_1767670200,135081,0,0.07556604720642426,0.06470721825642967,0.024482326167274245,0.025918044290085974,0.027694507909602626,0.001,0.046200863083016144
135081_1767670500,135081,0,0.0530288994712923,0.05226794999763535,0.020411362203862804,0.023563396131412243,0.019537324053227778,0.001,0.03590263702543156
135081_1767670800,135081,0,0.06191202059417834,0.07645295593838283,0.018741355110700183,0.017530447276684496,0.018578370582148337,0.001,0.047515663260265587
135081_1767671100,135081,0,0.11787141866168097,0.11395881171451908,0.05174353649298493,0.0680610906509702,0.04502718915684231,0.07910994563685547,0.0794930004356807
135081_1767671400,135081,0,0.12060095399418451,0.13112201015126787,0.07932122238922366,0.10387869950513602,0.06606226539335455,0.1262376899486185,0.09859213777231121
135081_1767671700,135081,0,0.06598368674839214,0.05692798309656005,0.03699543125637367,0.04755513872315104,0.04979936966047331,0.001,0.05336367637851668
135081_1767672000,135081,0,0.12221164392768558,0.10100678001169758,0.10225607576981934,0.14451958514597155,0.06800631167895405,0.10430334563689991,0.08450654584532581
135081_1767672300,135081,0,0.05587618045540261,0.047780715308664415,0.034603537444907954,0.04256157326187031,0.02166853659098968,0.001,0.034724625949827045
135081_1767672600,135081,0,0.06185262568944288,0.04798574602586021,0.030136152794978496,0.036390708302617876,0.028239038382549934,0.001,0.03811239220420507
135081_1767672900,135081,0,0.03704608401277228,0.036919226105995864,0.015079755262820065,0.017519841743090195,0.016185002419970014,0.001,0.02655211426298294
135081_1767673200,135081,0,0.0423444673995016,0.03744035028989553,0.04025509916560474,0.039606566698671845,0.030485623549989283,0.001,0.03396298691994241
135081_1767673500,135081,0,0.046277669022956554,0.04683762645257289,0.011055918323315716,0.016210922803979243,0.012689446092662931,0.001,0.02976353627261791
135081_1767673800,135081,0,0.10931566782363354,0.12004244692044283,0.0611307572894388,0.0696190697326782,0.06177597846622432,0.04302879026848894,0.09090921269333357
135081_1767674100,135081,0,0.16261706844743254,0.16559686474946628,0.27733113890615635,0.3579633523475405,0.25401976936144993,0.27346974629151255,0.2098083170554581
135081_1767674400,135081,0,0.24135435528964266,0.263161751004699,0.3121882858315386,0.36897206410033473,0.26389820882848736,0.4256089326274122,0.2635299799165932
135081_1767674700,135081,0,0.10502348768161185,0.12231848774540674,0.051771650401921915,0.07366693717706665,0.044376141638973014,0.10963784029542945,0.08334731469218988
135081_1767675000,135081,0,0.22782712907915945,0.1598211148041834,0.08417271919535554,0.12297084094424736,0.07900509696407335,0.29494291416727225,0.11941310588412837
135081_1767675300,135081,1,0.15641535137911844,0.14457713282676207,0.13293790372773695,0.171522124022984,0.14832575483646335,0.29131057502528945,0.1464514438316127
135081_1767675600,135081,1,0.10195060150831835,0.06457584571047795,0.07219183892771287,0.09730048157860618,0.06901308068143253,0.07570662611267631,0.06679446319595524
135081_1767675900,135081,1,0.4674516559525653,0.40094205234471975,0.5779011115900548,0.6210783322987572,0.5503139823582865,0.6819723233071631,0.4756280173515032
135081_1767676200,135081,0,0.7554168357123229,0.7227252874985763,0.8890984945129837,0.9085693598872555,0.9165966677458899,0.999,0.8196609776222331
135081_1767676500,135081,0,0.4598474153590323,0.4674601839702187,0.24036783547236107,0.24849135432759592,0.296587093248504,0.5251639317918785,0.3820236386093614
135081_1767684600,135081,0,0.048472098315691596,0.0432874778751979,0.018191552754943833,0.021232715452274138,0.012090912729997535,0.001,0.027689195302597717
135081_1767684900,135081,0,0.05237905578931732,0.04573382489331951,0.01847097666002926,0.022157321276507984,0.013259781655631684,0.001,0.029496803274475597
135081_1767685200,135081,0,0.04756779638232412,0.03480643504125797,0.0266064430649154,0.03159167112137368,0.026614732377785964,0.001,0.03071058370952197
135081_1767685500,135081,1,0.051685943966878915,0.051050354710023636,0.022593964241956307,0.022398818666553053,0.02138853540197475,0.001,0.036219445055999194
135081_1767685800,135081,1,0.06228962188704501,0.05952123710018778,0.028385939944664727,0.028869187711846576,0.024726958821095765,0.001,0.042124097960641774
135081_1767686100,135081,1,0.6739593971750206,0.6461325894702065,0.8123728987375815,0.8013228051633581,0.8320804159286609,0.8826427507787737,0.7391065026994337
135081_1767697800,135081,0,0.16413595532347627,0.2022164253192773,0.03216185930584714,0.03150632187542017,0.04113296728667326,0.374559491419299,0.12167469630297528
135081_1767698100,135081,0,0.19661973704700508,0.24529267570891358,0.048077636850497485,0.047713506424454384,0.0642932014238117,0.3887300423762098,0.15479293856636264
135081_1767698400,135081,0,0.261594905307721,0.22790177030361328,0.08398776654696138,0.08335283976402307,0.12131720054830772,0.4644484188926281,0.1746094854259605
135081_1767698700,135081,0,0.13588586791637597,0.15078760984509343,0.06210217315912441,0.05449080931139782,0.05336925191281508,0.15446203155289528,0.10207843087895425
135081_1767699000,135081,0,0.5682230082729739,0.5697147824697563,0.41991034047933956,0.4501977062943928,0.3879078898647389,0.7432714623063432,0.4788113361672476
135081_1767699300,135081,0,0.14630379626252651,0.14645469675231734,0.11677675147076313,0.10482905921753097,0.13567112282651372,0.24040464265389694,0.14106290978941555
135081_1767699600,135081,0,0.0799071552327007,0.08293526290430818,0.04373021057871909,0.04670574708015114,0.07489175628255265,0.06002760707296484,0.07891350959343041
135081_1767699900,135081,0,0.13366819208901282,0.11066094115441262,0.08891220369145764,0.1019824105316374,0.05963018975957211,0.15981913416859106,0.08514556545699237
135081_1767700200,135081,0,0.05396796188013882,0.05068240399561781,0.027945320494387194,0.028546021893501382,0.020033032178570664,0.001,0.03535771808709424
135081_1767700500,135081,0,0.037443055355701624,0.036133155411307946,0.017061983297703344,0.01994806595039939,0.015416274655378884,0.001,0.025774715033343415
135081_1767702600,135081,0,0.0698084083671016,0.08181128785673736,0.043980808712397214,0.04293908424582324,0.02949239709879052,0.001,0.05565184247776394
135081_1767702900,135081,0,0.059823823296807195,0.04898777497565406,0.018452970824021746,0.021127232392203422,0.012435796963365926,0.001,0.030711785969509995
135081_1767703200,135081,0,0.04188115924566744,0.043893585015155515,0.018418199011317755,0.025925878158630133,0.013811566182738771,0.001,0.028852575598947144
135081_1767703500,135081,0,0.048218608113378275,0.03850599345493616,0.029776912265083035,0.03526830166218074,0.021348117907880982,0.001,0.02992705568140857
135081_1767703800,135081,0,0.044268766870720344,0.042041665784180456,0.0285453164258717,0.03331050084399157,0.021466906190797736,0.001,0.0317542859874891
135081_1767704100,135081,0,0.0519827769665902,0.0533752440237124,0.01414199987008473,0.016718707742148516,0.01876067346259053,0.001,0.03606795874315147
135081_1767704400,135081,0,0.05968676259982239,0.07552989740231396,0.022758986804532835,0.025644182778080248,0.037943266590653564,0.001,0.056736581996483765
135081_1767705900,135081,0,0.0867547247056987,0.07400744448694291,0.028220847224129132,0.03145047634351972,0.03268715816166833,0.001,0.053347301324305624
135081_1767708000,135081,0,0.7255155433610646,0.7320957711811447,0.7300342152212377,0.718015975150655,0.6596327223277364,0.9067341652030876,0.6958642467544405
135081_1767708300,135081,0,0.19644095064422282,0.15856774100924512,0.05645480941677927,0.062315781120255646,0.043789079487578215,0.07348211966559082,0.10117841024841166
135081_1767708600,135081,0,0.0580727073933551,0.05579915040398684,0.032716104961955005,0.03873465745048022,0.031106372744246016,0.001,0.04345276157411643
135081_1767708900,135081,0,0.03782353804873314,0.03619293338278668,0.020973508074852168,0.022965878109264426,0.01745012535346603,0.001,0.026821529368126356
135081_1767709200,135081,0,0.04676727368872656,0.03750734336063048,0.025199869890823564,0.03464601717448017,0.019232165734998016,0.001,0.02836975454781425
135081_1767709500,135081,0,0.04726124240217198,0.05204091686332755,0.010585860679280142,0.014902192204632484,0.01262111624796003,0.001,0.032331016555643785
135081_1767709800,135081,0,0.05309076020274267,0.057862584795974614,0.019959355738171806,0.024737590207938885,0.02712416201697722,0.001,0.042493373406475916
135081_1767710100,135081,0,0.0534976323904053,0.06136451458674192,0.01889934277560656,0.01979639048870665,0.02817811501281064,0.001,0.04477131479977628
135081_1767710400,135081,0,0.0747840923218242,0.0908562480967267,0.05872592293902663,0.061879005130605215,0.05888360822587815,0.001,0.07486992816130242
135081_1767710700,135081,0,0.03796457333393634,0.032984718112813394,0.012947718236103318,0.015095270035107461,0.011441906894309933,0.001,0.022213312503561664
135081_1767711000,135081,0,0.04347204554249641,0.03486507579956589,0.018694653403532765,0.023075474747982792,0.015288707155479947,0.001,0.025076891477522918
135081_1767711300,135081,0,0.05341273210528585,0.04063395659616301,0.01964330015042915,0.02565496703148384,0.014155050975397598,0.001,0.027394503785780303
135081_1767711600,135081,0,0.046969992393659954,0.033427698668851126,0.029361302846777366,0.031192155780693575,0.022153742208557908,0.001,0.027790720438704515
135081_1767711900,135081,0,0.05308957565497665,0.04152258982104124,0.016864453039457755,0.0197528711654841,0.02060156718678773,0.001,0.031062078503914486
135081_1767712200,135081,0,0.056173235617367985,0.05896765298342706,0.023264535543639667,0.026038485048332827,0.04430363755306095,0.001,0.051635645268244004
135081_1767712500,135081,0,0.0669254513515848,0.07586553188040511,0.04284667327696099,0.04916536997305603,0.05583220688249084,0.001,0.06584886938144797
135081_1767717000,135081,0,0.16295060360968838,0.16934858898674868,0.1332263825890315,0.14696061982156042,0.10691691106366717,0.31418975539475236,0.13813275002520792
135081_1767717300,135081,0,0.19273031574165328,0.18489505223310995,0.13269413768642685,0.13294838325356742,0.1091378716846003,0.001,0.14701646195885512
135081_1767717600,135081,0,0.15140738395597134,0.12228517334472044,0.0569613644453613,0.05362609845472871,0.04818701231995948,0.027072335422190674,0.08523609283233996
135081_1767717900,135081,0,0.058825142737764353,0.06264650428223824,0.02661335310367217,0.0282264602125819,0.027370314369324803,0.001,0.04500840932578152
135081_1767718200,135081,0,0.03792324245264791,0.028821165568132898,0.03257070591891859,0.03600937274822276,0.03220106944238327,0.001,0.030511117505258083
135081_1767718500,135081,0,0.05549658053042474,0.0612671653958309,0.033510417592160405,0.036801437500969,0.029549818254376612,0.001,0.04540849182510376
135081_1767718800,135081,0,0.036111154654526675,0.033475352319168865,0.014348730840963952,0.018930675162116654,0.013666779505019216,0.001,0.02357106591209404
135081_1767719100,135081,0,0.08425430651030227,0.09126896253803439,0.03852244171365292,0.03943905049957253,0.033851406997273875,0.001,0.06256018476765413
135081_1767719400,135081,0,0.051315376540566504,0.06741434133000095,0.024607296305532524,0.021396210486600373,0.027185414192933733,0.001,0.04729987776146734
135081_1767719700,135081,0,0.07867029941292233,0.06882704706412415,0.05891714515964519,0.0653400738773656,0.04767109765534036,0.001,0.05824907235973226
135081_1767720000,135081,0,0.04080830040199439,0.0266969165239253,0.01990045962732127,0.021245375305570587,0.014520861869076035,0.001,0.020608889196500668
135081_1767720300,135081,0,0.037923789841932704,0.031406534399550004,0.01960113649539339,0.025776270466647103,0.016537097933917465,0.001,0.023971816166733734
135081_1767720600,135081,0,0.053963892985845814,0.04527253929656295,0.037070257359330935,0.04272916931994456,0.030886200777566118,0.001,0.03807937003706453
135081_1767720900,135081,0,0.041470909651517555,0.036756613688392475,0.029543200315592266,0.03719207330170268,0.027834571179865274,0.001,0.03229559243412888
135081_1767721200,135081,0,0.048403518427109146,0.0417806647296359,0.03417982629143632,0.03656529898212738,0.03226037708043974,0.0018548250817593814,0.037020520905037824
135081_1767721500,135081,0,0.05223911628252307,0.06724193039669256,0.025689514078393517,0.025806164196870676,0.030899834397939252,0.001,0.049070882397315906
135081_1767721800,135081,0,0.09674482815410579,0.09142409694943143,0.07179136399332552,0.07640249562748468,0.06849033291297049,0.08849103581283568,0.07995721493120096
135081_1767726000,135081,1,0.5443611729658421,0.5548873949853209,0.6776717250757508,0.74278904285699,0.6995758264016367,0.7432432683206098,0.6272316106934788
135081_1767726300,135081,0,0.8251026972100578,0.8617466583861833,0.8804429654041198,0.8571640046916028,0.8616182440741351,0.9608863700504116,0.8616824512301592
135081_1767726600,135081,0,0.5462466513727979,0.588389518088587,0.4234093221569181,0.4497777320260054,0.48509482171820517,0.794989686489729,0.5367421699033961
135081_1767726900,135081,0,0.4232907531561313,0.41572535905443336,0.2257960791350553,0.2680864404647282,0.2147945935955172,0.5266150004655734,0.31525997632497527
135081_1767727200,135081,0,0.1810162452977618,0.15858390059436478,0.12782551539450362,0.1481492232311834,0.13641459850737322,0.3876727915243091,0.14749924955086902
135081_1767727500,135081,0,0.059380461236052035,0.04818720263758602,0.06903017504542099,0.07992720211520032,0.08568259263494968,0.001,0.06693489763626785
135081_1767732600,135081,0,0.15983299112243785,0.1961530978776957,0.07895806928996361,0.0857481936540687,0.07265607592305283,0.23021862050180264,0.13440458690037427
135081_1767732900,135081,0,0.2280329825365636,0.20912187981554142,0.11782112446071864,0.1632396025600895,0.09444361210512646,0.2669843189029827,0.15178274596033395
135081_1767733200,135081,0,0.5777859598433777,0.49150274889147455,0.49865579588103204,0.5602103952923054,0.3441404489990149,0.5452357822655526,0.41782159894524473
135081_1767733500,135081,0,0.41396008366914905,0.4170294130055915,0.5477315674247922,0.6057126642181477,0.5076682876123103,0.43159335410113253,0.4623488503089509
135081_1767733800,135081,0,0.14286440677140258,0.16342162807861546,0.13414852881909708,0.16288871382334089,0.1279114457099515,0.1565639048326425,0.1456665368942835
135081_1767734100,135081,0,0.04593624918356367,0.043114295169339296,0.030729375927261587,0.03480652314202837,0.029656935239732753,0.001,0.03638561520453602
135081_1767734400,135081,0,0.13216795714325721,0.14449214763197693,0.13752427202423945,0.20391870885112115,0.10263970445389098,0.10360422036393457,0.12356592604293395
135081_1767734700,135081,0,0.07761973027889682,0.06547032792286936,0.03385304477944212,0.03241828008385986,0.025171142291349216,0.001,0.04532073510710929
135081_1767736800,135081,0,0.060699106237074626,0.0711122531206014,0.03174537496598822,0.04333337882519442,0.031206107431305016,0.001,0.05115918027595321
135081_1767737100,135081,0,0.03183242075575907,0.03671228220458449,0.017084585797341862,0.02075732524159739,0.013189673022147535,0.001,0.02495097761336601
135081_1767737400,135081,0,0.04156800487954442,0.03790676097404333,0.01982396154291844,0.03009166222051122,0.01534540102302573,0.001,0.02662608099853453
135081_1767737700,135081,1,0.07617371069164805,0.10024202778105858,0.059199571377049405,0.06592149918600829,0.06038470982520793,0.07729902501977359,0.08031336880313325
135081_1767738000,135081,0,0.044797437083859255,0.0560418888682252,0.03147078397219746,0.035648875033413636,0.023069501365247227,0.001,0.03955569511673621
135081_1767738300,135081,0,0.10955600829324738,0.14697042817543826,0.09054586440721296,0.13152775218312907,0.08635666319133804,0.1730716183519816,0.11666354568338816
