sample_id,tr_id,actual,baseline,all_history,change_5m,change_10m
122048_1767665400,122048,0,0.013847761457332214,0.014918529425945692,0.014597239782424632,0.013469047796933864
122048_1767665700,122048,0,0.027434197496738852,0.02890159902590747,0.02594352475986771,0.024962539952269047
122048_1767666000,122048,0,0.029053948357200633,0.025247006587382232,0.027142891272450925,0.0290856083409235
122048_1767666300,122048,0,0.022503055349639648,0.022216098801498583,0.022431637335478864,0.021524582869447858
122048_1767666600,122048,0,0.017005363984288587,0.01653255424509845,0.01748361050523091,0.01726301824350795
122048_1767666900,122048,0,0.015056945536584713,0.01543486257739173,0.013927143819295922,0.015489221699188446
122048_1767667200,122048,0,0.02931688818219972,0.01980090521843958,0.023939313644050372,0.027007296694710664
122048_1767667500,122048,0,0.022161208056997717,0.01783901856811938,0.020403152879414282,0.02107461276639937
122048_1767667800,122048,0,0.02093029387506573,0.01771352983693358,0.02199946717525993,0.022974936879029326
122048_1767668100,122048,0,0.05007710540083687,0.040878986672267706,0.05294309533719996,0.06568333924685311
122048_1767668400,122048,0,0.0076362953880053635,0.0076079158156794405,0.0076514200104793985,0.0075651234280620224
122048_1767668700,122048,0,0.007638298745477899,0.008075814308373945,0.00788454950203999,0.00697372215839326
122048_1767669000,122048,0,0.0076588221355417384,0.007421116184595954,0.0077145999654676676,0.007217375314892489
122048_1767669300,122048,0,0.023402447181326794,0.021338503835098704,0.024087259735018914,0.02156372284942511
122048_1767669600,122048,0,0.0076588221355417384,0.007362133500287835,0.00764614235124362,0.007217375314892489
122048_1767669900,122048,0,0.007419221221252583,0.007362133500287835,0.00764614235124362,0.0071083757925478955
122048_1767670200,122048,0,0.007862892367521615,0.007427093974453966,0.00764614235124362,0.007217375314892489
122048_1767670500,122048,0,0.00930825166868066,0.008534892400263103,0.008400027017181793,0.00909253050781421
122048_1767670800,122048,0,0.06332950896486847,0.045380884330728906,0.05658007282245007,0.06512396141949343
122048_1767671100,122048,0,0.024559910703937836,0.02054100092217547,0.022352512123044326,0.027738667226242922
122048_1767671400,122048,0,0.021134923010656573,0.021802175447733885,0.022463780760162595,0.024987339704454863
122048_1767671700,122048,0,0.020567024784467633,0.019973679671278725,0.021188965787328373,0.024697758497365017
122048_1767672300,122048,0,0.011974025149152114,0.012518066034517715,0.012082995596458937,0.013595955801980478
122048_1767672600,122048,0,0.016853614696407018,0.018110815040907353,0.015173354284172014,0.015759296988655684
122048_1767672900,122048,1,0.031892019270852945,0.028526673985444846,0.028814343001766933,0.027392102197825653
122048_1767673200,122048,0,0.12299430631975991,0.09817807749302203,0.11385337050386317,0.1145944753834338
122048_1767673500,122048,0,0.1097995782930825,0.19225594131066367,0.12459582559806572,0.13591125519208158
122048_1767675600,122048,0,0.015091655848741007,0.016098334106836865,0.015892919099315346,0.015548732579826256
122048_1767675900,122048,0,0.024595981690882722,0.026034141885786285,0.02411567010297882,0.025387034443966727
122048_1767676200,122048,0,0.014138537232618863,0.014229038808309108,0.013623622748790701,0.013389876978559553
122048_1767676500,122048,0,0.017264323003790147,0.015613740629758614,0.017216938851600687,0.017349969382557007
122048_1767676800,122048,0,0.01871442192584761,0.018559232929229525,0.020448279786876133,0.019649953312907937
122048_1767677100,122048,0,0.007753295512332453,0.007922177515138603,0.008544173041985802,0.007291875640796249
122048_1767677400,122048,0,0.0057937423043302174,0.006425476935177969,0.00653629162326588,0.005621227607703833
122048_1767677700,122048,0,0.005908696170603826,0.006268408335055994,0.0071202287764884345,0.005621227607703833
122048_1767678000,122048,0,0.00706095278937363,0.011190972806813852,0.009105634035090923,0.0072753987530726335
122048_1767678300,122048,0,0.01421258678530738,0.019698492240303685,0.015161430822411545,0.022949161956599535
122048_1767678600,122048,1,0.023259163961665302,0.018742464831707883,0.018892753193513502,0.020303375379762977
122048_1767678900,122048,0,0.03517624100077467,0.03637101874710395,0.028797190758496474,0.03801997372769939
122048_1767684600,122048,1,0.6275993390762777,0.5014698194980843,0.6273413996803144,0.5495519473785804
122048_1767684900,122048,1,0.7715186889538577,0.7101047676863407,0.7425542388004259,0.7241742899535405
122048_1767685200,122048,1,0.8028833701520882,0.7495916596399725,0.7798790625823605,0.7564817379108596
122048_1767685500,122048,0,0.772034826377897,0.7160753617566875,0.8006333697391423,0.7399342703001499
122048_1767685800,122048,0,0.6101074150006496,0.5931327854784664,0.6600237937914328,0.6043785989399023
122048_1767686100,122048,0,0.12510954496745583,0.1173828546270689,0.12385776699257157,0.10755074168373602
122048_1767686400,122048,0,0.21835556025704608,0.24548093421957626,0.22903589791693277,0.2321303829669381
122048_1767686700,122048,0,0.04100934212556306,0.053240982245822355,0.03874811044426634,0.0358312150180802
122048_1767687000,122048,0,0.014310925238264103,0.016005409675911325,0.01404358637107697,0.013198718224928067
122048_1767687300,122048,0,0.031128119671055415,0.02519789559131496,0.028256454561565156,0.023789697386307283
122048_1767687600,122048,0,0.05634120441782382,0.04656107991045511,0.06718322614770098,0.045053869737631945
122048_1767687900,122048,0,0.12524330840881737,0.14343350518205583,0.10638936052499101,0.11026165004774174
122048_1767688200,122048,0,0.05696620104811015,0.05557645111352148,0.0497593627777301,0.03817185028114572
122048_1767688500,122048,0,0.11381974311780976,0.06746096517519462,0.09940317609078139,0.08746678464773587
122048_1767688800,122048,0,0.09923875571769722,0.10424074594489541,0.08769463255327672,0.09566721863449984
122048_1767689100,122048,0,0.046314963389442555,0.05028725535561205,0.0469448462335019,0.03983789958189499
122048_1767689400,122048,0,0.050349468033183735,0.04338141037260369,0.042422857887961116,0.04640852198666347
122048_1767689700,122048,0,0.042953765913589244,0.03270552776199347,0.03745997498752136,0.038488354858344426
122048_1767690000,122048,0,0.03603675690929118,0.038734310601106846,0.04020157172618967,0.04125621214006191
122048_1767690300,122048,0,0.04646318651538436,0.04708493127390205,0.04167041863671476,0.04276697366849577
122048_1767691800,122048,1,0.015321372656477724,0.01608566798661145,0.015054724972553293,0.01565625921101421
122048_1767692100,122048,1,0.0137214196294327,0.015293643421469735,0.01492705255098766,0.013961127908299823
122048_1767692400,122048,0,0.014523010271747874,0.015380931954027486,0.014895793132614002,0.013647015342802724
122048_1767692700,122048,0,0.05689321040543025,0.07406257826423297,0.08027698581832554,0.07497751615221093
122048_1767693000,122048,0,0.014290492120263827,0.0223654435788938,0.015840691998107743,0.014589024644559632
122048_1767693300,122048,0,0.012254466375992984,0.018297323933198936,0.012238818030004102,0.013627722435276391
122048_1767693600,122048,0,0.012790844482570543,0.011981423506691445,0.012079324980607046,0.012999708376541972
122048_1767693900,122048,0,0.014129310467294673,0.012399102787240126,0.012852630054059252,0.012500896055087711
122048_1767694200,122048,0,0.01609433789189591,0.013934574785465788,0.015701316811265797,0.0170456166373129
122048_1767694500,122048,0,0.028632201549546533,0.026849334303905598,0.02665812579315732,0.029796859426715405
122048_1767694800,122048,0,0.013574463232543273,0.012290026022384427,0.012384411931937853,0.012372084761157962
122048_1767695100,122048,0,0.010916081797370109,0.011060773271288479,0.011195737656389653,0.009802826932371613
122048_1767700800,122048,1,0.016933712207983963,0.019986496640093707,0.015205060752149006,0.01643048439397039
122048_1767701100,122048,1,0.2650381935611491,0.23823200696945446,0.2622623066984925,0.2506531250479302
122048_1767701400,122048,1,0.18617944207515819,0.30274409117621254,0.2380708984475936,0.3037481683767867
122048_1767701700,122048,1,0.4154178269789978,0.3661578530743067,0.4261264004212389,0.38812631960570015
122048_1767702000,122048,1,0.45990280581360315,0.444396639075304,0.48135799251910294,0.4239899593649347
122048_1767702300,122048,1,0.40246400275707,0.338717346021155,0.41117596603478035,0.36627511478667546
122048_1767702600,122048,0,0.3522354224332585,0.2761490237221025,0.3444168657960945,0.30469654066350244
122048_1767702900,122048,0,0.27146705858807946,0.25419003079786373,0.3162443655376808,0.27815664002151874
122048_1767703200,122048,0,0.13065365695183007,0.13692189712563166,0.14188923628364822,0.12120516201877844
122048_1767703500,122048,0,0.10264458228154745,0.09028617149439046,0.07366115017337224,0.0888724750413038
122048_1767703800,122048,0,0.036495356832741924,0.040924089998081746,0.03676777970092149,0.030963404995216735
122048_1767704100,122048,0,0.10053524684172287,0.10485709303298843,0.10115318244685051,0.08975864699672216
122048_1767704400,122048,0,0.014430721811870455,0.02098862950984734,0.01642908938116442,0.013744008722236281
122048_1767704700,122048,0,0.01172279104550219,0.014691959612233515,0.01248171640452609,0.011480524213447675
122048_1767705000,122048,0,0.0077854711665326206,0.010580866515526708,0.008259445480545554,0.007075532342639942
122048_1767705300,122048,0,0.0077854711665326206,0.00820687788320733,0.007932894305466315,0.007075532342639942
122048_1767705600,122048,0,0.008231487465703836,0.008566778623225933,0.00879942057252255,0.00804069750465596
122048_1767705900,122048,0,0.008231487465703836,0.008566778623225933,0.00879942057252255,0.00804069750465596
122048_1767706200,122048,0,0.008242971589058883,0.008356852651533778,0.008589382105396823,0.00804069750465596
122048_1767706500,122048,0,0.007053038348438221,0.007669140302497262,0.0075079178618946436,0.00685079293844177
122048_1767706800,122048,0,0.02996167050893123,0.023738083290393477,0.025147845649912078,0.02416573777627915
122048_1767707100,122048,0,0.02608656412370611,0.02148089909752936,0.021627392596983302,0.025197218021633556
122048_1767707400,122048,0,0.01752125351511723,0.01676127117990329,0.01596922263248043,0.017031690242548737
122048_1767707700,122048,0,0.015881578774762834,0.01628901218954426,0.015305648153358714,0.016764615277496894
122048_1767713400,122048,0,0.018858505712220103,0.017296804304501787,0.016566903472716027,0.016280825128728135
122048_1767713700,122048,0,0.03843488633461277,0.02988469653960589,0.02895227849802323,0.026138604679812816
122048_1767714000,122048,0,0.04227751673673112,0.02797531054822039,0.03229654475171921,0.02786864261270679
122048_1767714300,122048,0,0.02186946780157847,0.02131313841977616,0.023328885639319712,0.02099591211761733
122048_1767714600,122048,0,0.008795218926037534,0.009414934514036475,0.008840966127317742,0.008214269936670012
122048_1767714900,122048,0,0.00763670451333002,0.008667202824033441,0.0077114937234667984,0.007103718564226002
122048_1767715200,122048,0,0.00763670451333002,0.008667202824033441,0.008098589964998548,0.007269598977459627
122048_1767715500,122048,0,0.008877326500632894,0.009574644889881485,0.009387919632314477,0.008405863520065174
122048_1767715800,122048,0,0.00763670451333002,0.008667202824033441,0.008098589964998548,0.007269598977459627
122048_1767716100,122048,0,0.010553622712077139,0.012072207921043713,0.010915280731384387,0.010367442061542054
122048_1767716400,122048,0,0.03295637228905902,0.028605005279175883,0.025764805106171136,0.029643488064466664
122048_1767716700,122048,0,0.023147404395579885,0.023630648787690275,0.02025028432100166,0.02432488737204352
122048_1767720000,122048,0,0.009993937732908794,0.011766954014243781,0.009491600245645292,0.009518093255270933
122048_1767720300,122048,0,0.010210056611151158,0.01164155342694754,0.010205453339970881,0.010085275946402001
122048_1767720600,122048,0,0.008123859541203569,0.008960272996967162,0.007961606882203221,0.008489248953743127
122048_1767720900,122048,0,0.009195184755070585,0.011430481943625634,0.010409530096673671,0.009644376317426363
122048_1767721200,122048,0,0.023309332878001843,0.033664344989348116,0.026941665993604865,0.022669747548118468
122048_1767721500,122048,0,0.026871076799303947,0.0384707757666631,0.023662746481623018,0.0250147311954794
122048_1767721800,122048,0,0.02299947662276124,0.021299848254492968,0.021018276126669528,0.021241877886542485
122048_1767722100,122048,0,0.024841297115960236,0.02569871949234486,0.0253284501702939,0.02479722510046105
122048_1767722400,122048,0,0.04052162672536967,0.03337290720631192,0.04134188853201629,0.03982729134336824
122048_1767722700,122048,0,0.04164217242719018,0.030582617799606183,0.04210708715487594,0.03812095145696306
122048_1767723000,122048,0,0.03614124355140077,0.02610131118773029,0.03168130593347765,0.0332762966937625
122048_1767723300,122048,0,0.1272660849590458,0.09492219858895763,0.13780780638770845,0.1310890952453553
122048_1767723600,122048,0,0.191095861920911,0.12796278133806227,0.16923780315945822,0.17642443503902508
122048_1767723900,122048,0,0.2839475542858872,0.29893580063176195,0.328138914159667,0.29127190632170524
122048_1767724200,122048,0,0.2920139905877002,0.27817627179871013,0.27605685504625327,0.27393460751296944
122048_1767724500,122048,0,0.02957924772882283,0.026062487997527438,0.027584373982922204,0.0281834045461649
122048_1767724800,122048,1,0.014701288960384236,0.012420414304055844,0.013096212154888211,0.012145236081646726
122048_1767725100,122048,1,0.1365692735175007,0.18242703031799865,0.16823676871703558,0.13925101333642453
122048_1767725400,122048,1,0.44198209900192587,0.4771082622973295,0.4795296851281075,0.4702276912496072
122048_1767725700,122048,1,0.42730015762505286,0.4501475458176546,0.45131610880274026,0.4293743666663347
122048_1767726000,122048,1,0.8028130361791928,0.7528136386451504,0.7633638461257178,0.7670156552709357
122048_1767726300,122048,1,0.8440128441283923,0.8524411138756693,0.8344471590323603,0.8597433522213959
122048_1767727200,122048,0,0.1262623662652352,0.1101466564373616,0.11561440660925795,0.15407900622684048
122048_1767728700,122048,0,0.00996644220210277,0.011946421905259644,0.010536515038566011,0.010445619879861272
122048_1767729000,122048,0,0.009903088587934488,0.011397990324241545,0.010431793813004802,0.010086285406227176
122048_1767729300,122048,0,0.014163528982465035,0.013897163671894256,0.014124954100353701,0.014629384667279016
122048_1767729600,122048,0,0.011336492045293913,0.012556721466709874,0.012445887005630003,0.011450769291327484
122048_1767729900,122048,0,0.05863287892938819,0.08610835036951432,0.06544615370220676,0.06752908501537849
122048_1767730200,122048,0,0.2449605229154998,0.4029288966188965,0.2807659084040197,0.3118393255777564
122048_1767730500,122048,0,0.24162187229300428,0.27915497935705563,0.2265013614562532,0.24902538771285418
122048_1767730800,122048,0,0.2921244947071356,0.34260494994497753,0.3178993039552808,0.30216544155602154
122048_1767731100,122048,0,0.06239863596994914,0.09763294705470084,0.07592648861774555,0.06127628235009745
122048_1767733200,122048,0,0.008932222599879908,0.009130291934049526,0.009247274537379207,0.008574529201360991
122048_1767733500,122048,0,0.009709335277721373,0.010872534133223801,0.008804345236148906,0.01141417686019622
122048_1767733800,122048,0,0.01900186568905507,0.019840581150626698,0.01917171965448361,0.020672615643863496
122048_1767734100,122048,0,0.029110835928295064,0.027937274366055077,0.024458154195098447,0.031199204819364945
122048_1767734400,122048,0,0.028956265597699034,0.02325764367792929,0.025791612220258876,0.030620131702443366
122048_1767734700,122048,0,0.03190320165971335,0.023799334173144483,0.02837215994450831,0.036165339451523774
122613_1767689700,122613,0,0.04470521361854309,0.042005444370762715,0.04045094699791888,0.038413354302745194
122613_1767693600,122613,0,0.11260736973729973,0.10856759156999002,0.09848443164512542,0.10432437603881207
122613_1767693900,122613,0,0.07157677342867966,0.0956038235016999,0.07911745563368087,0.07514157350413848
122613_1767694200,122613,0,0.06899248987646135,0.06451682539465799,0.06217821453251014,0.06394181487172035
122613_1767694500,122613,0,0.044184977167224686,0.03378379385078277,0.03767487487840794,0.031965123011590615
122613_1767694800,122613,0,0.05211371392918968,0.047278851849152315,0.04787991009524808,0.05292426988913823
122613_1767695100,122613,0,0.08663063201451439,0.08254421865451755,0.0846907839798,0.0868696695721734
122613_1767695400,122613,0,0.11014029529779279,0.10758853361252041,0.10854966479369595,0.10741075626534917
122613_1767695700,122613,0,0.1402437004595398,0.13310580359201218,0.12637498125556823,0.11436578951661876
122613_1767696900,122613,0,0.04540607468682986,0.04630523162622882,0.043687946608041386,0.04271290756935924
122613_1767699000,122613,0,0.0804377440786049,0.07844984137991448,0.0740274382505975,0.06963741834143355
122613_1767699300,122613,0,0.11113678623012828,0.13913753626495337,0.10206105546361159,0.13392860776855414
122613_1767699600,122613,0,0.06580754633050687,0.05557380558558557,0.050795219166143796,0.05825024940768517
122613_1767699900,122613,0,0.1088417329424656,0.09147561404571793,0.10337279469593603,0.09750250088537565
122613_1767700200,122613,0,0.09753380077382755,0.10322470461987658,0.10195129248352254,0.10224203225075693
122613_1767700500,122613,0,0.05923681812553153,0.059716135957153194,0.060152220149184275,0.06587014769430213
122613_1767700800,122613,0,0.05753191976868425,0.057876675847169066,0.057096603954772666,0.060643694824421335
122613_1767701100,122613,0,0.06183213149451351,0.08804981315241137,0.06926293525887445,0.06271791220288031
122613_1767701400,122613,0,0.05603047238725565,0.05057827652383454,0.052101250921621704,0.04671203848941764
122613_1767701700,122613,0,0.05594402214619407,0.050018734459867945,0.04805916650730743,0.0464837132541839
122613_1767702000,122613,0,0.048841218423278175,0.04405742275403358,0.042616869712020194,0.04502696962769256
122613_1767702300,122613,0,0.06936851641538018,0.07413651093852902,0.0699203338198252,0.07245867120830099
122613_1767705900,122613,0,0.046028318442119395,0.041596771748355445,0.041718116707627005,0.04181433301223112
122613_1767708000,122613,0,0.08338948273726868,0.08488185680154746,0.07705737174144084,0.0753930463893056
122613_1767708300,122613,0,0.12501370655489222,0.1593155614975403,0.120238339717985,0.12652213241755372
122613_1767708600,122613,0,0.05724442905896203,0.049392723264720675,0.04720115279681412,0.051861379684791695
122613_1767708900,122613,0,0.09806425406207367,0.0868735256366011,0.09367226200172246,0.09252540374830945
122613_1767709200,122613,0,0.06915832720503527,0.07437334294978841,0.07642167677456844,0.0755194267044825
122613_1767709500,122613,0,0.09178836366782067,0.08976758949539733,0.0863211690280815,0.0897210265227121
122613_1767709800,122613,0,0.08883044668276038,0.07682816573761864,0.07483997558003476,0.07867247241532212
122613_1767710100,122613,0,0.06430502399790211,0.07507517010411044,0.054998419297338105,0.06620359141484027
122613_1767710400,122613,0,0.06326041880021754,0.05093891908494097,0.05096700544159966,0.051837920709761655
122613_1767710700,122613,0,0.05011517487685332,0.04910964762959321,0.048431975507265995,0.04341867247989562
122613_1767711000,122613,0,0.06132048886863245,0.05334083614711595,0.055081652375143876,0.052022471419274526
122613_1767711300,122613,0,0.10186759231171,0.099064877318994,0.099450876996332,0.0965701551864727
122613_1767713400,122613,0,0.03480634868093087,0.04216149413363044,0.03429432513414063,0.034275224185172024
122613_1767713700,122613,0,0.04937266191194895,0.05244519892896097,0.045759852556415896,0.0458611850646472
122613_1767714000,122613,0,0.06416389915751236,0.06531618480758802,0.06523965909499212,0.05453599003669227
122613_1767714300,122613,0,0.05083618478861577,0.044032027874081,0.04455989474615365,0.038325830808799234
122613_1767714600,122613,0,0.05083618478861577,0.04573978332260437,0.04713451387537816,0.03891854903208129
122613_1767714900,122613,0,0.0638939426072614,0.055584258692257624,0.055816982473895126,0.048455292072335725
122613_1767715200,122613,0,0.04997224323087446,0.04628265131725788,0.046681579533960293,0.04421107272905694
122613_1767715500,122613,0,0.062373630350477126,0.047621640098190546,0.05277886143730989,0.04993593967698897
122613_1767715800,122613,0,0.09813532316835262,0.08206008532289445,0.10332750608512055,0.09015533141172304
122613_1767716100,122613,0,0.11438385865207189,0.10548082744225337,0.1158032777282966,0.10994025100375307
122613_1767716400,122613,0,0.09531821864179794,0.09560473173977675,0.09801655603692377,0.09521353083594969
122613_1767716700,122613,0,0.2105386485710461,0.139715972494292,0.19084155804746913,0.16114530554878248
122613_1767717000,122613,0,0.053338883670448464,0.0904935089746853,0.050048967701502176,0.051934955493586975
122613_1767717300,122613,0,0.06808932491634787,0.05104123219781664,0.058264998434091726,0.05124543321822816
122613_1767717600,122613,0,0.06964033780279154,0.0715131240683941,0.07167015766272648,0.0651448427149291
122613_1767717900,122613,0,0.04410724994997737,0.04369159026116395,0.04229113492004183,0.039654730390730315
122613_1767718200,122613,0,0.1721308445046517,0.1515814579952293,0.1585058687376481,0.1638403697576294
122613_1767718500,122613,0,0.24183964368971314,0.24939686188273502,0.23289243972754833,0.2336423034385133
122658_1767681000,122658,1,0.6039881420269643,0.5508515620797886,0.5974927218635696,0.6074353331431297
122658_1767681300,122658,0,0.0855014600010952,0.10234069243442294,0.08068112518941145,0.08775226839799719
122658_1767681600,122658,0,0.07815279350405382,0.07120265670419308,0.0820276812552469,0.08305088873104063
122658_1767681900,122658,0,0.13453239603435949,0.12175699958545619,0.12893795061732274,0.12124661764442739
122658_1767682200,122658,0,0.017381023898963236,0.039512474086823415,0.02791482755925154,0.020985833957002438
122658_1767682500,122658,0,0.021395175982592614,0.022847956698769212,0.020662991913716587,0.028804758311366807
122658_1767682800,122658,0,0.04670607890466897,0.052334949427598074,0.046337858462859864,0.05454452189587758
122658_1767683100,122658,0,0.028586259602454034,0.021958062283172566,0.027926707715830577,0.029106215893472336
122658_1767683400,122658,0,0.03374176707881125,0.02651863901574211,0.033390143427535796,0.03377165748446584
122658_1767683700,122658,0,0.12526187357248278,0.10777470606239609,0.12093236758583692,0.14371725469772698
122658_1767684000,122658,0,0.027964367084758315,0.02178417185969326,0.024760297379680066,0.023381110988672543
122658_1767684300,122658,0,0.043152441320568884,0.033995530935084825,0.04211374661511852,0.04087666378435094
122658_1767684600,122658,0,0.13976749337644506,0.10174216198995847,0.15373628448123924,0.12491994358215919
122658_1767684900,122658,0,0.45301730882736957,0.4865602943973148,0.4546917716373077,0.44675094052838404
122658_1767685200,122658,0,0.04928956539367188,0.04838655390024605,0.07179212812089172,0.050785378296928495
122658_1767685500,122658,0,0.10018903089756184,0.07628770213137297,0.10823853170460739,0.09844759092690501
122658_1767685800,122658,0,0.06468107580539346,0.05907135120879384,0.06178017560237029,0.05850848294943404
122658_1767686100,122658,0,0.035250224000260566,0.0733734155828252,0.049772268479806876,0.05460833935525486
122658_1767688200,122658,0,0.04587038460689666,0.055709356761143455,0.04461508210287628,0.05026894629395694
122658_1767688500,122658,0,0.02274714022571019,0.022374656004658232,0.021908899169999538,0.027443295670605838
122658_1767688800,122658,0,0.14034002083929809,0.1047082458715665,0.12477383091958658,0.1383200405561421
122658_1767689100,122658,0,0.011715201221619462,0.027306790465403758,0.01814435719799158,0.013603596385169652
122658_1767689400,122658,0,0.03157230062434985,0.021829085904046478,0.025818247463831722,0.03443642902076404
122658_1767689700,122658,0,0.029045492768511358,0.021270769416215078,0.025958397855867735,0.0316492795397211
122658_1767690000,122658,0,0.032558884226289275,0.03545144388508589,0.029635297173889182,0.041494114822063624
122658_1767690300,122658,0,0.022704032825930115,0.021392413329382833,0.020772385870427866,0.027555362639201223
122658_1767690600,122658,0,0.025310575063934197,0.024368944957188204,0.024727704043458965,0.03223854640503238
122658_1767690900,122658,0,0.016224750823189724,0.01628713501115958,0.014560442885080082,0.019139983175207598
122658_1767700800,122658,0,0.047910351984006595,0.047459721607607995,0.0482346651366848,0.05361459244840205
122658_1767701100,122658,0,0.4447001904114548,0.34779094745754147,0.44392263679598465,0.4388922427914116
122658_1767701700,122658,0,0.05271338928633429,0.051542778512975645,0.06569365732749727,0.04810119118800209
122658_1767702000,122658,0,0.06054206249704127,0.048348090174914926,0.07547842849687687,0.05983377802080945
122658_1767702300,122658,0,0.14724340861248972,0.1373341363192514,0.11873614009947006,0.14053337916686745
122658_1767702600,122658,0,0.022955747683603558,0.046068843064473036,0.03389760338015513,0.024619503795019784
122658_1767702900,122658,0,0.02805471302800262,0.02631023773327444,0.02809683360978229,0.03288764900491049
122658_1767703200,122658,0,0.03992401292666685,0.04078188998166543,0.033335277324451566,0.04626010362170047
122658_1767703500,122658,0,0.011636722273498398,0.01132811702571129,0.011981224197333802,0.012485380927177358
122658_1767703800,122658,0,0.019340805706242983,0.018458686172899023,0.019302002384185984,0.022520482453461544
122658_1767704100,122658,1,0.08421936847867445,0.06993513883841451,0.07955819450570574,0.09221428937012278
122658_1767704400,122658,1,0.02118083456795484,0.01726525361799404,0.01882490069412475,0.020396783383154524
122658_1767704700,122658,1,0.05710079671207779,0.04715730391944378,0.0625030568363177,0.05244838176887587
122658_1767705000,122658,1,0.6820270651219442,0.7398577028756467,0.7230035629128555,0.7210002673652371
122658_1767705600,122658,0,0.6013921869724163,0.5528283048415833,0.6307277849560803,0.5927955907354866
122658_1767705900,122658,0,0.24654401986769126,0.21539672842448646,0.24503616893667102,0.2370297904476989
122658_1767713100,122658,0,0.012120357551693897,0.012272084329843853,0.012508426258515833,0.012031089226218306
122658_1767713400,122658,0,0.03592692977836389,0.028272892134800352,0.031668392967006305,0.034357469118171516
122658_1767713700,122658,1,0.01974588342628897,0.016443074761137502,0.018001410377553043,0.020101686394685667
122658_1767714000,122658,1,0.08911798165986252,0.06722482219317896,0.08066346865648355,0.06963578062523014
122658_1767714300,122658,1,0.0668044514250587,0.06425067690656344,0.07667656724492321,0.0642671276109147
122658_1767714600,122658,1,0.1966198792175424,0.18904217892403272,0.17445716356538077,0.19737869861872426
122658_1767714900,122658,0,0.1397689096997614,0.11723679480142725,0.12566359665517607,0.12120091958211329
122658_1767715200,122658,0,0.4202091530997656,0.42467870873384284,0.4410315641938199,0.4210880514304297
122658_1767715500,122658,0,0.08221819199829057,0.08930570389669897,0.07839725813370158,0.0864721354003285
122658_1767715800,122658,0,0.07697854195598004,0.1187869743669869,0.10615277847403835,0.08991919165016839
122658_1767716100,122658,0,0.027355045981349833,0.02803776606419236,0.02304368242957601,0.03342891368408967
122658_1767716400,122658,0,0.028233924270219722,0.02563321736337974,0.02402683345930342,0.033081398574213196
122658_1767716700,122658,0,0.03753389388521605,0.03810676658190702,0.04101116891308284,0.044297931599248684
122658_1767717000,122658,0,0.027818234327750584,0.02419326479590219,0.02912990246083302,0.035738521858757
122658_1767717600,122658,0,0.029265720381474895,0.018799804148770857,0.021556716222585197,0.029823049439534857
122658_1767717900,122658,0,0.020992784306524574,0.014865806570612337,0.0191845306217387,0.01885514462507617
122658_1767718200,122658,0,0.05493401147089189,0.054749458374137784,0.05932200512556954,0.05734038312153527
122658_1767718500,122658,0,0.023176168072412046,0.017856918466951532,0.020379256430579005,0.02239712114181157
122658_1767718800,122658,0,0.01749676612674136,0.017237448333091605,0.018999841764025926,0.019992468998523003
122658_1767719100,122658,0,0.13109757239532152,0.12436766580716421,0.14411520064645186,0.15048524746646869
122658_1767719400,122658,0,0.18853567383352018,0.1808345970875508,0.17958467151656146,0.20172659703869555
122658_1767719700,122658,0,0.061961225864758315,0.056307247672875635,0.055222228236637125,0.056160650047953856
122658_1767720000,122658,0,0.12501420179734773,0.1158939683637558,0.12317195254187983,0.11844224671754569
122658_1767720300,122658,0,0.07178401764648784,0.12576178442857353,0.09335815741546334,0.08992333997438705
122658_1767720600,122658,0,0.03738299451837444,0.028833070346554388,0.03161262141461865,0.040240408817800596
122658_1767720900,122658,0,0.05516831719155396,0.05444752036854714,0.05626618491251557,0.059432003630503494
122658_1767721200,122658,0,0.02131121327204549,0.0200203332062981,0.02149342286311141,0.022230813640379102
129964_1767666600,129964,0,0.03835621339580736,0.05969217342271595,0.04314276916677741,0.04162612363157141
129964_1767666900,129964,0,0.02294802624005514,0.02234596572139523,0.022044436783879188,0.024093132439020698
129964_1767667200,129964,0,0.04945310766159045,0.05253560650328185,0.04899838319442745,0.04510671471994837
129964_1767667500,129964,0,0.05339504627179006,0.04808528350808258,0.04870553430572533,0.05804590032707112
129964_1767667800,129964,0,0.030829118956559362,0.023312135821048255,0.036390698881837914,0.03103154440592989
129964_1767668100,129964,0,0.043862625613795565,0.04641149735997423,0.05195900155646746,0.043311988513957234
129964_1767670200,129964,0,0.09151460964615996,0.1122525869190109,0.09688933466668949,0.1139598844839712
129964_1767670500,129964,0,0.019620903298623184,0.017272736745894413,0.019321889225636213,0.019340635747289968
129964_1767670800,129964,0,0.11759467972656114,0.11317372937762514,0.11924048965254747,0.10775340960286144
129964_1767671100,129964,0,0.09972497585111986,0.10123646209506544,0.0931465688561929,0.08901581348985833
129964_1767671400,129964,0,0.02328863635396904,0.040450891674501846,0.025389696767412626,0.02187973328627711
129964_1767671700,129964,0,0.034266348713608646,0.028543755200685167,0.033346310621610684,0.03479320270796798
129964_1767672000,129964,0,0.07890262338141266,0.06884040090738469,0.0786130405839593,0.07118844903811958
129964_1767672300,129964,0,0.02819646636999059,0.025001023340227593,0.02552834777925251,0.023598828543514087
129964_1767672900,129964,0,0.020912359077223996,0.02099335938638446,0.023544064989120705,0.016716835683880816
129964_1767673200,129964,0,0.050289969796830154,0.039142088837304016,0.05203117520222253,0.04449176767086508
129964_1767673500,129964,0,0.07787942834031332,0.07273723346998637,0.07999568740529005,0.07948277925127477
129964_1767673800,129964,0,0.23417057845702394,0.2562047125234529,0.2558827730699982,0.26113276410078723
129964_1767674100,129964,0,0.27320873669768697,0.2165217880462032,0.257384490895476,0.23992572143725818
129964_1767674400,129964,0,0.03950446997732108,0.03479750828534312,0.0376596913749063,0.034093313751985696
129964_1767674700,129964,0,0.03155807085577324,0.02786761561691786,0.03555030924494388,0.02705810198219719
129964_1767675000,129964,0,0.14737412217685597,0.1546272613288286,0.14975043241115524,0.1429936687862275
129964_1767675300,129964,0,0.09099686909956266,0.08233068230786376,0.09127895056401839,0.09267211521743463
129964_1767675600,129964,0,0.07552810169450984,0.07379432499274392,0.06193004446773943,0.05639636155416695
129964_1767675900,129964,0,0.20444715972502828,0.2293662820334041,0.21147482599832057,0.20669718579931617
129964_1767676200,129964,0,0.08764968482292121,0.08319103790911248,0.07813211352177865,0.0818767186800939
129964_1767680400,129964,0,0.026853448578335968,0.025609728266162323,0.024862297662099502,0.02588183234503715
129964_1767680700,129964,0,0.026732626280635715,0.04294243828385668,0.02674771176789129,0.031033474004205055
129964_1767681000,129964,0,0.08314669613613536,0.07962343402556017,0.08037779131772965,0.07307716057305665
129964_1767681300,129964,0,0.03223373778381719,0.028837521637052433,0.024931086799070707,0.024112444268600104
129964_1767681600,129964,0,0.04213408062398515,0.03218261127724414,0.037681459675400514,0.040777037175825995
129964_1767681900,129964,0,0.04941523070784278,0.0311407123882642,0.04784051812243088,0.04633900330728149
129964_1767682200,129964,1,0.05700823287123446,0.04865466595565934,0.05494712008935988,0.05343889777616724
129964_1767682500,129964,0,0.08306712961588374,0.08517353374791058,0.07619989305069329,0.07391779948796959
129964_1767682800,129964,0,0.3440137367857702,0.34057928534186854,0.30983577291652986,0.31919021068537884
129964_1767683100,129964,1,0.2897903952333167,0.27827064981539124,0.3096759611288675,0.2937339274125746
129964_1767683400,129964,0,0.2203164370931845,0.1897069071430681,0.20021563213160642,0.1946938768931243
129964_1767683700,129964,0,0.3356713412903694,0.33610807060626585,0.3170480734537008,0.3025816764314977
129964_1767684000,129964,0,0.09916418152129258,0.10510467776980144,0.09430924670988135,0.08910136678096675
129964_1767684600,129964,0,0.0654058641284731,0.07008238476249534,0.06755643249693638,0.05806938168632054
129964_1767684900,129964,0,0.05478885525165022,0.05727749837350617,0.05718175272595516,0.04907508193971381
129964_1767685200,129964,0,0.2274665551351023,0.18407382931542157,0.21453954957989507,0.21229946095558372
129964_1767685500,129964,0,0.04295270708340698,0.05100731429994922,0.04119704389522152,0.040980039582749116
129964_1767685800,129964,0,0.04983185573713296,0.042198023237749564,0.04764049440441073,0.05073164075645761
129964_1767686100,129964,1,0.07193827234189336,0.0629916716469877,0.058607177195732725,0.060821764169923846
129964_1767686400,129964,0,0.028538261357933345,0.02453570958577902,0.030990978204087635,0.023912671188231465
129964_1767686700,129964,0,0.0816139224304131,0.09262552443569218,0.08408919616773736,0.07445697201477786
129964_1767687000,129964,0,0.12526052776380125,0.141101462638489,0.1271090605389882,0.11363694631186132
129964_1767687300,129964,0,0.060765006722649104,0.07369731460996375,0.06460924143035607,0.0680928305163174
129964_1767687600,129964,0,0.03864173481981434,0.038848728913749055,0.0436483167289745,0.03510149547355863
129964_1767687900,129964,0,0.05959175160344265,0.05951444817552065,0.058762249929300917,0.05653391537768587
129964_1767690000,129964,0,0.04567738713103915,0.06381115375619809,0.051656893535380784,0.04502448130854036
129964_1767690300,129964,0,0.040699799459723664,0.04478574869923411,0.03702688837843094,0.03714094258169261
129964_1767690600,129964,0,0.048548127226725406,0.04616552306086441,0.04597755937025237,0.04300990894855271
129964_1767690900,129964,0,0.07996706621771561,0.08969746950513507,0.07132623507778656,0.07446763444947592
129964_1767691200,129964,0,0.09908173098496138,0.13157949456093743,0.08919923195643074,0.0933317955187866
129964_1767691500,129964,0,0.06549341555335758,0.06719400021331012,0.0633495300077683,0.06440772795338198
129964_1767691800,129964,0,0.049507276569428625,0.05185383904724454,0.04412114768174797,0.04454130114591378
129964_1767692100,129964,0,0.08053272013696133,0.10886302823420257,0.08038200055907248,0.07817041482556453
129964_1767692400,129964,0,0.06723761269483121,0.07519217056558643,0.0659299028265611,0.06785327828223248
129964_1767695400,129964,0,0.02402654395566926,0.02661946806458783,0.020493361396926476,0.020547247152938597
129964_1767695700,129964,0,0.036384919481275806,0.03851331539121421,0.036526691175012414,0.030369938982211016
129964_1767696000,129964,0,0.06679460704990584,0.062158088472392056,0.06571601897089173,0.05879937669961109
129964_1767696300,129964,0,0.03579588758189051,0.03577532125672788,0.03170410397021664,0.03128869449559647
129964_1767696600,129964,0,0.13165698183197422,0.10687288197248171,0.12473747284399568,0.11999721465092757
129964_1767696900,129964,0,0.20633435226564817,0.23572914058386205,0.22942385739330032,0.19584247667745924
129964_1767697200,129964,0,0.05221706931705343,0.0635913468256798,0.04829695073381588,0.05078214696047284
129964_1767697500,129964,0,0.07027738651731051,0.06490874755961633,0.06337252664858234,0.05794320906844786
129964_1767697800,129964,0,0.06506531456451473,0.06619229691519574,0.06321315892907496,0.053570834460543185
129964_1767698100,129964,0,0.10016138695962629,0.11465067550098006,0.10300309007537553,0.09500149068479484
129964_1767698400,129964,0,0.021389718837022644,0.03446974137554734,0.02409005755831355,0.01971465652282381
129964_1767698700,129964,0,0.02996130265292395,0.02997420894588914,0.028388455060316446,0.030489061754879875
129964_1767699000,129964,0,0.02796798917208018,0.028510677512481496,0.03236501156881533,0.025755731932036154
129964_1767699300,129964,0,0.02152851043437917,0.020610584945225937,0.0213859918495734,0.02128133601145405
129964_1767699900,129964,0,0.039637499299972644,0.05176452103359959,0.04804224430484147,0.04205027339128389
129964_1767700200,129964,0,0.04898867356338809,0.04785185882492594,0.049612897324732855,0.046469397788514624
129964_1767700500,129964,0,0.08339770460580359,0.07232606438914915,0.08045555484194923,0.085570282251095
129964_1767704400,129964,0,0.01205570883117115,0.012477154801069801,0.011258974612422453,0.010321023609166842
129964_1767704700,129964,0,0.020551285015254703,0.021226961330313193,0.018975944470121152,0.021025377551300455
129964_1767705000,129964,0,0.033617975172944625,0.029111368278631776,0.030362766472577823,0.0315946186355648
129964_1767705300,129964,0,0.07917665722985687,0.07163273725917121,0.0823500806589999,0.0795215339492938
129964_1767705600,129964,0,0.0380220848636754,0.03819886721990441,0.03446038852600064,0.03555101961211467
129964_1767705900,129964,0,0.01501225318443523,0.015114971342105194,0.015789462395460304,0.015250352291289083
129964_1767706200,129964,0,0.02085911108182802,0.02083146024406285,0.02121488916631315,0.017165161891862138
129964_1767706500,129964,0,0.028783159307003637,0.027567138958271308,0.028943674171345263,0.02305039905622566
129964_1767706800,129964,0,0.028993117230906622,0.027447024102943567,0.027336830570109855,0.025419035752290712
129964_1767707100,129964,0,0.019461112301741888,0.017556373733791257,0.016581782646758737,0.018508580146899965
129964_1767707400,129964,0,0.025619026806056423,0.028054553963437534,0.024337146571072447,0.02658895726314174
129964_1767707700,129964,0,0.02913106643169762,0.03531074970961445,0.03399278269739761,0.02877756664281291
129964_1767708000,129964,0,0.02755337953009031,0.026720213513732195,0.03081237674926128,0.028340580304234683
129964_1767708600,129964,0,0.011324356826268507,0.011609019992188047,0.011612295833628411,0.010681794128386851
129964_1767708900,129964,0,0.034741515882657184,0.03007631952029128,0.03774628503859325,0.029522550934386625
129964_1767709200,129964,0,0.05427197765982562,0.05017211840809442,0.0548743809163884,0.05365555752927206
129964_1767709500,129964,0,0.03024910012338825,0.02887940304878524,0.027960401455570032,0.032603646884577134
129964_1767709800,129964,0,0.035800050064095784,0.03547736694725156,0.03895644878164359,0.036248682005210864
129964_1767710100,129964,0,0.01653068288126612,0.016353528123998286,0.01323731784279106,0.015027029359948254
129964_1767710400,129964,0,0.0206179806199299,0.01801899559850964,0.018992214312074603,0.01834281878811942
129964_1767710700,129964,0,0.017247239064812382,0.015459325105001089,0.017603829816413,0.016730373896034025
129964_1767711000,129964,0,0.02478197056571616,0.024690839405132885,0.02364424335828013,0.02389113041647201
129964_1767711300,129964,0,0.04426259316685736,0.03708007602993996,0.03534524991141451,0.04180982837852342
129964_1767713400,129964,0,0.18027389056800436,0.17995661643317698,0.15105225995510255,0.17434488134833498
129964_1767713700,129964,0,0.030772332257904524,0.03412296916757091,0.02624264500612838,0.0318365037571289
129964_1767714000,129964,0,0.1369607024076363,0.12135335425689453,0.12702273810078143,0.13459004567880725
129964_1767714300,129964,0,0.07169280194783052,0.06636932494633054,0.08193033325741654,0.0735295303439729
129964_1767714600,129964,0,0.02709030915604726,0.023912341069985587,0.024836798276296052,0.023530971600999522
129964_1767714900,129964,0,0.056173194390773826,0.054756908583478744,0.05661706748787163,0.0518103842713362
129964_1767715200,129964,0,0.026917691492696055,0.030192002882844796,0.026599885708767992,0.020817140337610243
129964_1767715500,129964,0,0.03273923031898617,0.0317610885546606,0.0291154567106456,0.030143094126672706
129964_1767715800,129964,0,0.03757959164091401,0.03605080922034328,0.041501457178270675,0.04307972019462994
129964_1767716100,129964,0,0.026395633600749743,0.02535551740600608,0.022630835326724368,0.022264062333720927
129964_1767716400,129964,0,0.019556921556980744,0.024064925206159358,0.02281560566341659,0.02187743525876807
129964_1767716700,129964,1,0.02371494392533543,0.023292681902925653,0.023158114151061695,0.023868999894742168
129964_1767717300,129964,0,0.011375581048272422,0.011401373190803926,0.011638827311692123,0.010133234281713123
129964_1767717600,129964,0,0.008352559272279441,0.008226380969689797,0.009250129325376708,0.008099223694805459
129964_1767717900,129964,0,0.05651942549290646,0.048050403815418,0.05296175340174563,0.052999132781547026
129964_1767718200,129964,0,0.04079044734985368,0.04062300666274803,0.037501600195536264,0.04221718746497418
129964_1767718500,129964,0,0.07253188612254619,0.07142445627009568,0.0841621436893129,0.06845365290125192
129964_1767718800,129964,0,0.15568018099753247,0.18533270859388212,0.15120466384815537,0.18120092225988918
129964_1767719100,129964,0,0.035972159991157916,0.0426328180514676,0.0357348198880366,0.03422298158780598
129964_1767719400,129964,0,0.04344836602046493,0.04246292288025918,0.04583728479044819,0.03970883755490092
129964_1767719700,129964,0,0.0365002190821902,0.037882930582480746,0.04016057722070986,0.03321124947769913
129964_1767720000,129964,0,0.06375488628422694,0.0713449663196591,0.05500197777350365,0.06435953210939276
129964_1767720300,129964,0,0.0310341819210932,0.035080445594277344,0.030652087986275802,0.03427913979071104
129964_1767720600,129964,0,0.01701514791568655,0.018887267832938127,0.01714379607898898,0.01929971341860211
129964_1767720900,129964,0,0.021295926621556566,0.01821212870393742,0.02255575006235999,0.02010722831004177
130072_1767730200,130072,0,0.03688450088544268,0.03614039668222255,0.03223116486401295,0.030132484731059284
130072_1767730500,130072,0,0.03132865891967222,0.029327430686079212,0.03638076431789385,0.03208779661837905
130072_1767730800,130072,0,0.058405773920723415,0.06480456732952108,0.06277147319593206,0.06692495192820766
130072_1767731100,130072,0,0.18143410928809228,0.2207395215324033,0.20353845430297102,0.20872625918528007
130072_1767731400,130072,0,0.36974045798659694,0.3935322233879158,0.39592421266434435,0.38247823091010846
130072_1767731700,130072,0,0.05072986014956902,0.07644701943073676,0.04987484499294114,0.06015978289964459
130072_1767732000,130072,1,0.18388648458405668,0.18713327314492428,0.20963687940034692,0.175246175016689
130072_1767732300,130072,1,0.23544395920993821,0.2613966999838516,0.22267249488436058,0.24659694635885634
130072_1767732600,130072,1,0.722100547344958,0.7467502365340515,0.7166974836571341,0.7648535493707093
130072_1767732900,130072,1,0.4339576823479113,0.4720783133598316,0.4291701948410025,0.4994061890470828
130072_1767733200,130072,0,0.227675197780364,0.17638738219119873,0.184451323300484,0.18633167477390938
130072_1767733500,130072,0,0.27573330917631356,0.24970322415668328,0.2017453406276108,0.23926971524157886
130072_1767733800,130072,1,0.15042389775002724,0.12820285482698973,0.10914214559569632,0.10638197799080117
130072_1767734100,130072,1,0.1755317059841486,0.18413913553017186,0.16374303856766786,0.16916757105512903
130072_1767734400,130072,1,0.12324404906443294,0.12185212532013999,0.09723761130390823,0.12393480317487905
130072_1767734700,130072,0,0.13802418160149568,0.11474159060555672,0.12081765133729447,0.10475747520551679
130072_1767735000,130072,0,0.1313402675620702,0.1495688139885872,0.12754504607424924,0.13352713347977332
130072_1767735300,130072,0,0.13649508669717025,0.15527384230940927,0.13952091316916104,0.12042448143106681
130072_1767735600,130072,0,0.04048279700851766,0.04715331672116092,0.03977644499918793,0.03756715392621537
130072_1767735900,130072,0,0.035354233558726626,0.03487989686142119,0.03331035715353182,0.033915302060338035
130072_1767736200,130072,0,0.03851853862115887,0.0449771853320202,0.04229643111519192,0.04224851447991288
130072_1767736500,130072,0,0.039563835085361945,0.046169223877477475,0.04469339378814378,0.04373549593136888
130072_1767740700,130072,0,0.024227169597116714,0.024802709392955986,0.022183759922935135,0.018933595141056987
130072_1767741000,130072,0,0.02176839856979322,0.020561373458579158,0.023278374492119152,0.01949618257372268
130072_1767741300,130072,0,0.03932866208406284,0.04532810896503917,0.04033090902690714,0.04104293041717327
130072_1767741600,130072,0,0.034456276239574084,0.03999126293971298,0.03868233910200417,0.0411398407336427
130072_1767741900,130072,0,0.04859515775400133,0.04908959999688732,0.048555072918679235,0.05868228861842214
130238_1767672900,130238,0,0.03135050917462966,0.044689785214269084,0.031658285011756215,0.04258776199730726
130238_1767673200,130238,0,0.03707095058333398,0.03654221885087721,0.03269443116287772,0.0456269203410392
130238_1767673500,130238,0,0.02707437120305649,0.02514005504925178,0.026429650312840707,0.027756158348667348
130238_1767673800,130238,0,0.12688182491244268,0.10530344053106105,0.13044098574013424,0.13278286789172386
130238_1767674100,130238,0,0.07360920427449129,0.09310958569912989,0.0770538100704799,0.07688062730907244
130238_1767674400,130238,1,0.022992120178377946,0.022245040634385888,0.02735330983664922,0.02614502674903168
130238_1767674700,130238,1,0.3320573282049619,0.3118848488107863,0.37059135459192294,0.34753934693431654
130238_1767675000,130238,1,0.5335471123082115,0.5671186677955133,0.5269690564787742,0.5290876771770421
130238_1767677400,130238,0,0.01996879883006153,0.032055295900667635,0.026604539854458372,0.02703526389472934
130238_1767677700,130238,0,0.015520176606056391,0.02121844848030966,0.015589241303678992,0.019760245414443992
130238_1767678000,130238,0,0.04606527877847366,0.04273432443743256,0.054290918072450234,0.044681037180825806
130238_1767678300,130238,0,0.012790013647200145,0.01259368095924485,0.013147802848332432,0.011783707322576135
130238_1767679500,130238,0,0.005538600951712132,0.005054305067424115,0.0056601742741801,0.0057313367089204086
130238_1767679800,130238,0,0.0065199541059264695,0.007367993952865429,0.006580415950881565,0.007152936294902069
130238_1767680100,130238,0,0.006238012890465187,0.006164903026525382,0.006377528457927701,0.0064520591656355465
130238_1767680400,130238,0,0.010879305556650093,0.01277715173185907,0.013079390716035519,0.013420506692946938
130238_1767680700,130238,0,0.019629079233065637,0.024110319386066902,0.022454838042102382,0.02219770673662766
130238_1767681000,130238,0,0.015112840059294566,0.018832517254364557,0.01929285408998774,0.018523704685800915
130238_1767681300,130238,0,0.01640080430192401,0.020174864913183495,0.019304966736167658,0.019119552822164557
130238_1767681600,130238,0,0.026420768783744827,0.028400453584653353,0.024369774629854166,0.02951116910949727
130238_1767681900,130238,0,0.0178123732598042,0.017251815582182733,0.017704987230640134,0.018908497537674002
130238_1767684300,130238,0,0.010208632473254455,0.010125098551799121,0.01016888381925255,0.011642719686990365
130238_1767686400,130238,0,0.5431280416851806,0.4776593147456077,0.547806124047873,0.5434593473880783
130238_1767686700,130238,0,0.3508242400217648,0.39660258461862363,0.3482035075697366,0.3435971875058074
130238_1767688200,130238,0,0.01692853887315851,0.01722623163812011,0.017180195558313724,0.01943933557494602
130238_1767688500,130238,0,0.03692768522786566,0.04438348102642482,0.035147454532952635,0.04816140200986993
130238_1767688800,130238,0,0.03255843068094715,0.029736568122943712,0.030251212152288705,0.03208941958189597
130238_1767689100,130238,0,0.01985861372180482,0.0188050509668402,0.020540423589906372,0.018891017835962896
130238_1767689400,130238,0,0.016288874935488556,0.016593531144921646,0.019155198785267207,0.016115024175925426
130238_1767689700,130238,0,0.011849905735794466,0.012508767725753812,0.011922123342792027,0.013732541646282313
130238_1767690000,130238,0,0.01035076063972778,0.01128086245827555,0.010873257329939481,0.011813346597749293
130238_1767690300,130238,0,0.12795281861257757,0.1309074411214687,0.126682945904697,0.12925503213793926
130238_1767690600,130238,0,0.06291634857135914,0.07745235275016363,0.0623151456533768,0.06584735819660287
130238_1767691200,130238,0,0.038737323204791965,0.03640271936545958,0.0352554775879534,0.038128011067738415
130238_1767691500,130238,0,0.018899595947528117,0.019554975158202696,0.018752113651552382,0.02022146827071716
130238_1767691800,130238,0,0.05515593104093735,0.052309862751931946,0.059647050370367785,0.06533990372689504
130238_1767692100,130238,0,0.018317436069755,0.015511535807851674,0.018402751344543514,0.018748842593088576
130238_1767692400,130238,0,0.018097603071829057,0.01649731886519828,0.014947826742721087,0.016976709378450867
130238_1767692700,130238,0,0.025986773273813487,0.02370476984830256,0.024011009689227363,0.029323595846983633
130238_1767693000,130238,0,0.0156908791954251,0.016268793279576053,0.01685015916883168,0.016594570695004616
130238_1767693300,130238,0,0.023671172478700507,0.020340693963826224,0.02074229191557365,0.021760484370881954
130238_1767695400,130238,0,0.02448574983838537,0.026440334756773674,0.02324485681204512,0.030547694728838094
130238_1767695700,130238,0,0.01963339079980536,0.021608494380155226,0.017552074359917832,0.02528404354449982
130238_1767696000,130238,0,0.018537094476888828,0.01891526935975226,0.020679927801740244,0.019305360380135233
130238_1767696300,130238,0,0.018191606792944338,0.02023815207458375,0.018270862361340234,0.02193964321563993
130238_1767696600,130238,0,0.018137512986143876,0.01766757182457762,0.017882187725585235,0.020598646903571213
130238_1767696900,130238,0,0.014127611051495667,0.013618401225123132,0.015149923282599896,0.01386385926876995
130238_1767697200,130238,0,0.05504084302772586,0.06263646058908572,0.06372905950285009,0.05423378196922648
130238_1767697500,130238,0,0.04800296334716714,0.05553109652685365,0.04734372562949661,0.05874187545558511
130238_1767712500,130238,0,0.0055802137755153235,0.00611532588115748,0.006099475060133421,0.006402826968542349
130238_1767712800,130238,0,0.015847035409855728,0.017267748869221382,0.017421126270035125,0.01897238614580163
130238_1767713100,130238,0,0.011385731295990456,0.012708123606433457,0.012629410353816182,0.013671626164623023
130238_1767713400,130238,0,0.01771311574001816,0.019444453875599958,0.021030492474053128,0.021128296074171722
130238_1767713700,130238,0,0.013310858898821389,0.014591211441262122,0.014673974263959493,0.016066873036849602
130238_1767714000,130238,0,0.013690176811574355,0.013717778416092263,0.013093322349861462,0.014165736241436617
130238_1767714300,130238,0,0.013748635797490583,0.013551658864508525,0.01330903186087945,0.014902994820534886
130238_1767714600,130238,0,0.011179366839264135,0.012788868905073199,0.012680280524682442,0.012064161940900812
130238_1767714900,130238,0,0.01952855846021709,0.022379621136206885,0.01963948926750044,0.02029423249740795
130238_1767715200,130238,0,0.012896933747438175,0.013473154338360403,0.01367032894737212,0.01331352304585417
130238_1767716400,130238,0,0.011140679119422528,0.011233239967185896,0.011876123287268742,0.010651014469622229
130238_1767716700,130238,0,0.01598569522934619,0.016510187387925052,0.013967276483939087,0.017507035481032215
130238_1767717000,130238,0,0.018129522212260923,0.01847615508157284,0.017275137193014226,0.01614166697740593
130238_1767717300,130238,0,0.12167948486673481,0.15594229327979983,0.15393905427539853,0.1463007403883498
130238_1767717600,130238,0,0.012253665309437979,0.02075981697019668,0.014453000239930992,0.012987489570524853
130238_1767717900,130238,0,0.01259404641326831,0.013060629965097376,0.012425467013554204,0.014868943688547367
130238_1767718200,130238,0,0.01213485154591589,0.014738651961289834,0.013359154628359968,0.014321346050732993
130238_1767718500,130238,0,0.025207946251643798,0.026381490003199212,0.02453518291607512,0.025453689760458465
130238_1767718800,130238,0,0.02049433233228217,0.023812469335509196,0.022238441293109947,0.021815290742701655
130238_1767719100,130238,0,0.0291439405457485,0.033931464501955735,0.02991660171617194,0.03325683296687868
130238_1767719400,130238,1,0.016978997020098426,0.018495362412471298,0.017105953029456066,0.018520628156399658
130238_1767719700,130238,0,0.011928460549581577,0.012516890937847342,0.013128394630769098,0.014498640022523516
130238_1767720000,130238,0,0.11264187040492317,0.12151905903193784,0.126598026412482,0.1611673055386394
130238_1767720300,130238,0,0.09292078269859338,0.15198568796889944,0.09301883633902512,0.1151997134757381
130238_1767720600,130238,0,0.09725650660352336,0.12271653190657288,0.09263358835361472,0.10458659435033005
130238_1767720900,130238,0,0.050447681487372845,0.06948561039406542,0.051542736618265174,0.05480890915879648
130238_1767721200,130238,0,0.056609455432089374,0.055763160425766976,0.06226312363609414,0.05164575722512656
130238_1767721500,130238,0,0.015695896626409512,0.02372851934306669,0.016111457833464377,0.014405097215219511
131672_1767673800,131672,0,0.04496603637131871,0.047612537112547565,0.05198749243315475,0.049732750897919537
131672_1767674100,131672,0,0.023304833297642352,0.02516383110229047,0.024426097828093404,0.02177890024001387
131672_1767674400,131672,0,0.0256591388160369,0.026028983286414575,0.03265247125727994,0.03120586876829216
131672_1767674700,131672,0,0.033828116093248005,0.04060611970885838,0.04176190641523114,0.03899927400947307
131672_1767675000,131672,1,0.10938761803968788,0.15022128511494254,0.13951318747940444,0.13404680965736404
131672_1767675300,131672,0,0.05861292349309501,0.07983013400238204,0.07496382431456129,0.0704867590383112
131672_1767681900,131672,0,0.028004758422705636,0.02793163941944667,0.03405422942576717,0.029596245214713896
131672_1767682200,131672,0,0.04035463343108174,0.0446496722982278,0.04375433519777701,0.04589996521435795
131672_1767682500,131672,0,0.04129944939446494,0.04439467843360189,0.05228843102050593,0.04492077185838036
131672_1767682800,131672,0,0.033597180243539644,0.03779176015966034,0.04011385294032538,0.02914840240600495
131672_1767683100,131672,0,0.019532103345627792,0.023247397477334474,0.024336368454002413,0.020155524767238354
131672_1767683400,131672,0,0.019324643226039655,0.02276108029739265,0.02513018949216602,0.020861470982474654
131672_1767683700,131672,0,0.03398241719323409,0.033075893848561064,0.038600557495614946,0.034856671457657744
131672_1767684000,131672,0,0.021310746489989346,0.020430252820783253,0.023748897013289597,0.01865448694507648
131672_1767684300,131672,0,0.03617948686860701,0.03983748077915651,0.04526829443028782,0.038764292888182755
131672_1767684600,131672,0,0.01628909031462041,0.025957721471750073,0.026267501726306885,0.018178260959851783
131672_1767684900,131672,0,0.02011989039796129,0.025011063432618132,0.024994858163261136,0.02060624400224567
131672_1767685200,131672,0,0.051766555617671864,0.053722979418376386,0.05736172197654482,0.04922109462416758
131672_1767688200,131672,0,0.017091946051756856,0.014955595495003238,0.019382260582916627,0.014966744293417319
131672_1767688500,131672,0,0.01950484547533522,0.02089975923677727,0.023688600033797927,0.02275580593232042
131672_1767688800,131672,0,0.0291233926809231,0.02707035180216974,0.03304973369145559,0.03131888754264332
131672_1767689100,131672,0,0.03444426511358669,0.040310359382179826,0.03876964235058948,0.030767671699032915
131672_1767689400,131672,0,0.029284700817847353,0.029637078409831416,0.03159701330704623,0.02807221654881231
131672_1767689700,131672,0,0.022904070039298983,0.02321370782101361,0.02008940928832391,0.02123270381457654
131672_1767690000,131672,0,0.04259508393577565,0.03826504988284702,0.043605827741062655,0.041098015224603275
131672_1767690300,131672,0,0.026814100643131077,0.02776948781015167,0.03065311151454162,0.028185434043643626
131672_1767690600,131672,0,0.024956265206219155,0.02473857341528034,0.02848482386941829,0.025430307171620873
131672_1767690900,131672,0,0.015542853998592582,0.01601100320127264,0.015975030386725837,0.014795395192162997
131672_1767691200,131672,0,0.013674307789690645,0.020928885991871767,0.01602839005159217,0.015595710200265752
131672_1767691500,131672,0,0.027589828086429954,0.03718667295179699,0.032205401660921264,0.029053350991113124
131672_1767698100,131672,0,0.020068562109164016,0.0195447078401795,0.024655924322717526,0.02174746880697467
131672_1767698400,131672,0,0.0289503892519736,0.029654927383910457,0.03201295545080476,0.03205136068976598
131672_1767698700,131672,0,0.030946537096368253,0.030084096732060726,0.035165787237264566,0.03392661976326991
131672_1767699000,131672,0,0.02370387364122329,0.03704231065898252,0.027236983977022795,0.025431821554390537
131672_1767699300,131672,0,0.02905230228741971,0.03131302971154428,0.026062984484732855,0.0290942333080614
131672_1767699600,131672,0,0.03423731841421827,0.03858747410137993,0.037202179668837924,0.0351584175865533
131672_1767699900,131672,0,0.043863831839787405,0.038551119169675345,0.04385379623494407,0.04405235209509868
131672_1767700200,131672,0,0.027182636923078093,0.02906343006526781,0.030803231517523115,0.0271317617137393
131672_1767700500,131672,0,0.033502637073140405,0.03162763025233035,0.038266614832245104,0.030864411611149625
131672_1767700800,131672,0,0.012820624979751517,0.01392375616150012,0.015373524680805734,0.015029302362791427
131672_1767701100,131672,0,0.015048782191163698,0.014574642586711433,0.016688347261736708,0.015242469441828652
131672_1767701400,131672,0,0.036597051190540325,0.035637855393049575,0.03537652436736008,0.03372747334307026
131672_1767703200,131672,0,0.0166109211776746,0.018202681663989178,0.019175153950126138,0.017102979646622912
131672_1767703500,131672,0,0.02104406477612198,0.023918295771918383,0.026963108391223078,0.022158924667875158
131672_1767703800,131672,0,0.026816858373624776,0.0286846905778852,0.0309245253642494,0.031284996794004524
131672_1767704100,131672,1,0.0499405830228586,0.07113121723123415,0.06367642310914672,0.05976497346316229
131672_1767706200,131672,0,0.02135881297748005,0.02991917191943026,0.023728156229233383,0.024311053268339926
131672_1767706500,131672,0,0.044313999374076186,0.05329518807099569,0.05177744909051011,0.047777637648465994
131672_1767708600,131672,0,0.024776187452119524,0.0263347332639389,0.033329495732734984,0.022992822708209435
131672_1767708900,131672,0,0.02945663270136751,0.03374875168286864,0.03849609826336535,0.03451724765754022
131672_1767709200,131672,0,0.04308884985881758,0.039239959667641364,0.0470930720623046,0.0476122468785394
131672_1767709500,131672,0,0.06982555696197287,0.06746909884614528,0.0778396369180593,0.06781197867434237
131672_1767711600,131672,0,0.01603525778755956,0.02256299860791792,0.01560658090231732,0.0175598550503319
131672_1767711900,131672,0,0.02790491235423791,0.03843200925430248,0.03166562278190106,0.031491607419452214
131672_1767713400,131672,0,0.015487199367370448,0.015471688274023261,0.019145547810106637,0.014834272934319203
131672_1767713700,131672,0,0.021043050434802816,0.02413887689633759,0.023491546996055872,0.020573839331118015
131672_1767714000,131672,0,0.02865039541897895,0.027179091985531232,0.031138575889025175,0.027529297443821134
131672_1767714300,131672,0,0.049288967093663115,0.06889507537241575,0.06290250174204202,0.053723811679883014
131672_1767714600,131672,0,0.027003829279996037,0.03253948471018346,0.027965286475400176,0.030767504444994234
131672_1767714900,131672,0,0.02364647124156206,0.023680076724663303,0.022392792737954973,0.02138194943924416
131672_1767724200,131672,1,0.5186993001020481,0.5134487691135706,0.5180514110983742,0.5505744850238866
131672_1767724500,131672,1,0.4969707104936875,0.49327139210671506,0.5345533102471701,0.5670481791665106
131672_1767726900,131672,0,0.03595114152408243,0.036041579241864026,0.03808841143959201,0.03865429484009953
131672_1767727200,131672,0,0.06288825282550964,0.06469848251186197,0.061161878837261555,0.07649867008118236
131672_1767727500,131672,1,0.5335426647154536,0.4220332107115691,0.45350288497629904,0.5501727547827485
131672_1767727800,131672,1,0.042807964117189054,0.04440756372732849,0.037458516772180185,0.03966480417867222
131672_1767728100,131672,1,0.1260078793900221,0.1255926105296113,0.10820952120169938,0.12030047051919081
131672_1767728400,131672,1,0.6085259211659412,0.6276380913243731,0.595058174662866,0.6515111067908395
131672_1767728700,131672,1,0.478637728615569,0.4943643267872319,0.5185512501362398,0.5020924894409652
131672_1767729000,131672,1,0.5763608006384711,0.5244830527109874,0.5104879541466578,0.5527155587172883
131672_1767729300,131672,1,0.7804900752049313,0.7034178774310246,0.7925659260117754,0.7583530880062735
131672_1767729600,131672,1,0.6344465029317927,0.6090613024633563,0.682399714533758,0.653989608473132
131672_1767732000,131672,0,0.035865929122973095,0.03674366634601317,0.047438472208336226,0.04165641983656533
131672_1767732300,131672,0,0.06612474634474148,0.06661546159659279,0.07120968041637686,0.07744689295203275
131672_1767732600,131672,0,0.4642532710253835,0.3515225687738919,0.4938858676434059,0.4999180409696455
131672_1767732900,131672,0,0.02722161985762809,0.03778917395200881,0.03497318530961293,0.028899879185274473
132430_1767666900,132430,0,0.022158359018088852,0.04143031708433044,0.027567829615011512,0.033958991510600056
132430_1767667200,132430,0,0.045933826708582794,0.04057094763732085,0.040435895605623134,0.05204447918530445
132430_1767667500,132430,0,0.12470557601755071,0.11266067041913075,0.11570243692006507,0.11902163523582895
132430_1767667800,132430,0,0.39591695693143125,0.36598910322102957,0.37755890450195084,0.4313032937210805
132430_1767668100,132430,0,0.14368675257134886,0.1450309888589252,0.1262684017139985,0.13945989343687915
132430_1767668400,132430,0,0.10302633033270744,0.08991770246958555,0.0763514291008782,0.09308474219543826
132430_1767668700,132430,0,0.05118318570951111,0.04136334414661503,0.049301955816106934,0.05825110381131462
132430_1767669000,132430,0,0.05575823673568215,0.04670825300592714,0.05485956597975588,0.06890772512888826
132430_1767669300,132430,0,0.41956441830442026,0.40213073261601745,0.46225200426253027,0.41404727786030804
132430_1767669600,132430,0,0.059237923676089765,0.06753777582400049,0.05118781628727841,0.05709715940756264
132430_1767669900,132430,0,0.028241460490243737,0.022628250583341107,0.027600899423325137,0.02625331783289701
132430_1767670500,132430,1,0.14358250772755596,0.1287224645598072,0.14102124599609556,0.11862042315773311
132430_1767670800,132430,1,0.11519163761144825,0.0929845896323195,0.09161609181959825,0.08639574786535792
132430_1767671100,132430,0,0.25741619119124076,0.18829798744069848,0.24293021816053104,0.237456187599983
132430_1767671400,132430,1,0.4710095866362212,0.5264772467372957,0.5303070805132436,0.5058142698813693
132430_1767671700,132430,1,0.5992992757982953,0.6284258050875101,0.652336969735907,0.6328480643886848
132430_1767672000,132430,1,0.7861856742181009,0.7926815144241455,0.8191623570993529,0.7995675883128346
132430_1767672300,132430,1,0.7227242533945643,0.7995782898999778,0.7428670602012264,0.7631297217708641
132430_1767672600,132430,1,0.8349198586474982,0.8558517260376117,0.8513123328694878,0.8409858309646951
132430_1767672900,132430,0,0.5586098290845627,0.5762214219976247,0.5678629367527609,0.5828200905998797
132430_1767673200,132430,0,0.8315938469204349,0.8491771457827066,0.8574641821627998,0.8196853371331555
132430_1767673500,132430,1,0.76023224748851,0.7786009162102219,0.7819653774409001,0.7648953454005382
132430_1767679800,132430,0,0.03387650427874678,0.023180421528397072,0.03585998745257698,0.02305314140617708
132430_1767680100,132430,0,0.052322131134268035,0.04608246674165578,0.0500136484242465,0.038830902588968555
132430_1767680400,132430,0,0.06301528308439909,0.04768130859854736,0.058610170633350826,0.03910886188275991
132430_1767680700,132430,0,0.1088378646863729,0.11333530598894258,0.1084175207751942,0.11473573631344236
132430_1767681000,132430,0,0.16857913666125054,0.20678728883513173,0.1729848994087818,0.15963646713222435
132430_1767681300,132430,0,0.05531755888088571,0.0585760415712886,0.05332209984722885,0.05480278295955546
132430_1767681600,132430,0,0.03868647740074781,0.030041459885057728,0.036029807528641884,0.04074411226143602
132430_1767681900,132430,0,0.23570129592139233,0.21150000828545457,0.24413872270259832,0.26684969665971037
132430_1767682200,132430,0,0.4490293445498026,0.432458171940717,0.41928029004089623,0.5013280893349055
132430_1767682500,132430,1,0.07121486547540562,0.08054277397136306,0.07315424901014199,0.08152469780869885
132430_1767682800,132430,1,0.08095178904022027,0.05997810423858339,0.0716302178736624,0.07899839934472808
132430_1767683100,132430,1,0.03976270533933818,0.030980059646116415,0.0358996239386218,0.044506631615829004
132430_1767683400,132430,1,0.6783447051722854,0.7111555101792203,0.6952443563123633,0.7393327823512996
132430_1767683700,132430,1,0.3843596738516144,0.4455651240260501,0.407103286987577,0.47988795815632923
132430_1767684000,132430,1,0.8475156001692806,0.8239383762044431,0.8299052228101337,0.8063027957608213
132430_1767684300,132430,1,0.6914280196985108,0.6118232728750619,0.7044556535298238,0.6663917978452586
132430_1767684600,132430,1,0.47060348458344947,0.4163312709468927,0.42117020256874316,0.40718507979149854
132430_1767684900,132430,1,0.6000452561488625,0.6184180521397246,0.5957058591998594,0.5483955527156749
132430_1767685500,132430,1,0.11786537571569647,0.11132772073063187,0.09752599334197372,0.10600910679666427
132430_1767685800,132430,0,0.09333209829959788,0.10833680332042098,0.08413284778937803,0.09161545106953736
132430_1767686100,132430,0,0.22079031898927415,0.17100100615160221,0.17739683181617785,0.2320788193910193
132430_1767686400,132430,0,0.19943159236707989,0.18599267192186292,0.1736092545484725,0.2028044904679163
132430_1767686700,132430,0,0.30205439720163735,0.27680301449566047,0.29471282877343685,0.2956540567994682
132430_1767687000,132430,0,0.067742715282797,0.06381033549548311,0.06636682118706597,0.07326787977690535
132430_1767687300,132430,0,0.31624157604974334,0.2698269247039044,0.3154766658336711,0.34705900378656096
132430_1767687600,132430,0,0.19698686067430227,0.1708934229731286,0.2016419546226602,0.23200979989179482
132430_1767687900,132430,0,0.03479069501439547,0.039702551504680564,0.039003600305286545,0.03931168336030349
132430_1767688200,132430,1,0.07260764844956662,0.05732491356059589,0.07201253192753117,0.07067170045410842
132430_1767688500,132430,1,0.06097940245086653,0.06287720704694595,0.0709306647735207,0.07334609986552115
132430_1767688800,132430,1,0.6548981000825463,0.7147438715191679,0.66728684537049,0.7317200296478898
132430_1767689100,132430,1,0.5294766803442315,0.6208689181638588,0.5149568225432734,0.6361335295085829
132430_1767689400,132430,0,0.6344219204102488,0.7144358135555412,0.665770737160695,0.664504231530687
132430_1767689700,132430,0,0.6142858030268502,0.6278798206493985,0.6007383016374822,0.6109399185216321
132430_1767693300,132430,0,0.033283276679868294,0.025769783968852763,0.029649902447479014,0.0230146222302641
132430_1767693600,132430,0,0.040529309679230845,0.03175364464044583,0.0347528282496054,0.032984852980931297
132430_1767693900,132430,0,0.04631282151578456,0.03133866866819646,0.0401898863640398,0.02815172326210666
132430_1767694200,132430,0,0.18888123481777513,0.29292211520226663,0.1979760850384053,0.28298016476476234
132430_1767694500,132430,0,0.28225997215504023,0.424228228546676,0.30973479660767017,0.351768873497193
132430_1767694800,132430,1,0.2020059905911158,0.20431036712729184,0.18302877895927996,0.22117758986761024
132430_1767695100,132430,0,0.5490737371181971,0.528043798526501,0.5358762009063124,0.5558298879893083
132430_1767695400,132430,0,0.6016136600156319,0.6964211950566223,0.6040695871802839,0.6795115592807283
132430_1767695700,132430,0,0.6770586032002994,0.720393263460486,0.7018765959400597,0.7413407680112682
132430_1767696000,132430,0,0.07455619300916529,0.0792361382068296,0.06846980056600471,0.07479907956072625
132430_1767696300,132430,1,0.11191829036345491,0.08707181654080166,0.08423728027176552,0.08440703612187801
132430_1767696600,132430,1,0.19705600023685313,0.17197521053042675,0.1985961074347297,0.19022202395468552
132430_1767696900,132430,0,0.5968675996669648,0.6953331073511466,0.6388837688014894,0.6961857790585503
132430_1767697200,132430,0,0.5158259843860983,0.6309791073358997,0.5351645601777635,0.6024695247308286
132430_1767697500,132430,0,0.3854349203573365,0.4181034864912765,0.37397064265246144,0.3862289137938075
132430_1767697800,132430,0,0.2907374512671378,0.26532275923070064,0.26455747337637925,0.2807577943286153
132430_1767698100,132430,0,0.12586601395476715,0.09079275229020303,0.10322695527409541,0.09510635484232884
132430_1767698400,132430,0,0.15344488708739468,0.14587119490977768,0.15324930250889868,0.1441886757325978
132430_1767699000,132430,0,0.08648493363017472,0.07104754333948865,0.06861176557984058,0.06021391806143146
132430_1767699300,132430,0,0.07613192809014041,0.06117435439060266,0.06733341715561457,0.060852581678295645
132430_1767699600,132430,0,0.14950711059338848,0.10166454334186546,0.1361985196320863,0.1116025431168538
132430_1767699900,132430,0,0.04544265755663425,0.054309734027143605,0.03723674117394631,0.044711052365554636
132430_1767700200,132430,0,0.035660430078163156,0.027301285456047233,0.036043177221286964,0.0330721280893374
132430_1767700500,132430,0,0.043409811776486645,0.04335489745257091,0.04364800841955301,0.052975434064344615
132430_1767702600,132430,0,0.2734977685965994,0.2778091216435923,0.21934030186567943,0.3098019199686634
132430_1767702900,132430,0,0.352864309258286,0.4422454933843516,0.3454550385886522,0.42962221634401454
132430_1767703200,132430,0,0.03700606907138011,0.0481329018976878,0.03401357138107686,0.036382231699413
132430_1767703500,132430,0,0.045881540809540745,0.04104771995268796,0.047622908134099036,0.047445898335513076
132430_1767703800,132430,0,0.04107923497743201,0.026008424014894917,0.03462606911441222,0.029246943522607413
132430_1767704100,132430,0,0.03300002383183604,0.03083968550011448,0.030447271363758726,0.03026613652528356
132430_1767704700,132430,0,0.03926398291155947,0.032088762766887796,0.031210710035642786,0.032042565333403224
132430_1767705000,132430,0,0.02903027740852236,0.021184769433492467,0.02832627973055053,0.022574599023564103
132430_1767705300,132430,0,0.05454918100474051,0.035760848270573554,0.04770375056491457,0.03229216105993745
132430_1767705600,132430,0,0.0462582384842477,0.05783978393968879,0.0479896390169392,0.0567998460247923
132430_1767705900,132430,0,0.03511095956790015,0.03340746280400519,0.039429474856196856,0.03888598356219608
132430_1767706200,132430,1,0.14797480987664616,0.15194822399400548,0.14547846692283517,0.1651815028938776
132430_1767706500,132430,0,0.38495184983999553,0.3715819902228922,0.3813573125434175,0.4028079620951218
132430_1767706800,132430,0,0.40850391746314973,0.45383148677495744,0.41594375927073396,0.4984865788391675
132430_1767707100,132430,0,0.6002857539899565,0.6635710551450097,0.634027656960801,0.6549087809135326
132430_1767707400,132430,0,0.15813904739819873,0.17192667051933994,0.13859656596032938,0.15837572421699367
132430_1767707700,132430,0,0.3884261006121234,0.308232036649955,0.3905014507115277,0.3547286005625841
132430_1767708000,132430,1,0.3903978264086745,0.41655030471201004,0.39455489742016014,0.4600113812337042
132430_1767708300,132430,0,0.17113760162179137,0.18289002843621327,0.17494237345698324,0.18105266481145854
132430_1767708600,132430,0,0.43076678706680177,0.43312356562998916,0.4644128647378968,0.4483462274276662
132430_1767708900,132430,0,0.20122012525147337,0.24972842722143337,0.22835469709778916,0.209643358518148
132430_1767709200,132430,0,0.12475024325567612,0.1269359929650248,0.12951556089299804,0.14064253224944911
132430_1767709500,132430,1,0.16245670601804713,0.15844094134905087,0.1790074387054268,0.17295217276370412
132430_1767709800,132430,0,0.21972703698652293,0.23018673600519343,0.22154348590440956,0.22164051116412814
132430_1767710400,132430,0,0.11335111969767317,0.09629159066157965,0.11068898507666439,0.09487527248145514
132430_1767710700,132430,0,0.09798136765158602,0.09228769268192336,0.08651034648175382,0.07573150251215445
132430_1767711000,132430,0,0.16521992757634904,0.14155819799573655,0.168165422114222,0.13069064020250742
132430_1767711300,132430,0,0.04374679763259161,0.04463255241847461,0.03305567369160966,0.04183144195354482
132430_1767711600,132430,1,0.039431182993740835,0.033021678169878256,0.039827828021661495,0.03537768854961137
132430_1767711900,132430,1,0.18907785548588604,0.15306339178824674,0.19167531460786558,0.16596651625338782
132430_1767712200,132430,1,0.42517010975956493,0.444830858850847,0.4879306534410717,0.5002123371631717
132430_1767712500,132430,1,0.6036601352505355,0.6743936517493936,0.6290072585018137,0.612797370621838
132430_1767712800,132430,1,0.5550928320226437,0.6444282452511477,0.6172494802806688,0.605126825629769
132430_1767713100,132430,1,0.684321364581577,0.7092184949183347,0.7120792862472404,0.6720347122398813
132430_1767715200,132430,1,0.8441318949436822,0.8367612285811051,0.847511191533021,0.849554634953253
132430_1767715500,132430,1,0.8834435589292,0.8838353525943055,0.8775786512276887,0.8597890613093019
132430_1767722400,132430,1,0.7726592267095098,0.774477866245911,0.7458555397344793,0.7391978543985191
132430_1767722700,132430,1,0.8624135284416958,0.8662589146415463,0.8625548581433998,0.8296268640370903
132430_1767723000,132430,1,0.7741089107841632,0.8082674285710069,0.783557888321197,0.8154913842136846
132430_1767723300,132430,1,0.8888179488897866,0.8747399500521775,0.8965641155150559,0.8817792705168943
132430_1767723600,132430,1,0.836803262298427,0.8613019415663691,0.8718658532128318,0.8331914825915306
132430_1767723900,132430,1,0.9260139591754462,0.9104485576399126,0.929520376199848,0.8979657518564402
132430_1767724200,132430,1,0.7933699019206738,0.7638568962308807,0.7965363473987562,0.7671785309138656
132430_1767724500,132430,1,0.9140850171833339,0.8943790802019815,0.9116380484361807,0.8651643919955537
132430_1767724800,132430,0,0.730819748238152,0.7057718437633761,0.7326957981810968,0.6965426851999504
132430_1767725100,132430,0,0.46931981034845277,0.42520784071966217,0.4692412507794096,0.4084543745161374
132430_1767725400,132430,0,0.1505667670631449,0.14417127359181114,0.14740150499327356,0.12385515649704797
132430_1767725700,132430,0,0.22488851537816365,0.2102624979061382,0.2291906878079875,0.224071113485268
132430_1767729600,132430,0,0.10954683975907054,0.1117379737375867,0.11996693305172752,0.10846625352574349
132430_1767729900,132430,1,0.13877435681972855,0.14137131836013855,0.16885575877313835,0.16262121600016533
132430_1767730200,132430,1,0.03987911722925888,0.030747761252802718,0.031230568563016238,0.029528506616917867
132430_1767730500,132430,0,0.06676050356704992,0.053805214744681466,0.06392033958749338,0.06424416634597202
132430_1767730800,132430,1,0.6014949003542723,0.641139432664564,0.6046627374947077,0.6712107147446753
132430_1767731100,132430,1,0.6316017796567825,0.6975791920861789,0.6602433379939044,0.7065710428477046
132430_1767731400,132430,1,0.7975056290489081,0.8019561486746839,0.8262169360675253,0.8089884251492948
132430_1767731700,132430,1,0.8359231252831848,0.8657839021099768,0.8673539790618587,0.8573117547848865
132430_1767732000,132430,1,0.7862609158838785,0.8296410303413273,0.8317560858848155,0.8331243702833072
132430_1767732300,132430,1,0.6734536328833156,0.631285148366004,0.7038685546387133,0.6345285468584798
132430_1767732600,132430,1,0.7071441229215523,0.7201843728962121,0.737154436128624,0.7204551450797022
132430_1767732900,132430,1,0.8333337175350246,0.8882447356244808,0.8375573654538455,0.8666963680941034
132430_1767733200,132430,1,0.8517018599076218,0.8852848125970082,0.8612107387898534,0.8836564855713793
132430_1767733500,132430,1,0.8667255957750425,0.8646506227415157,0.8651746751552154,0.8524897394956109
132430_1767733800,132430,1,0.74214183786798,0.7288604888676739,0.733524245670084,0.7551440371311388
132430_1767734100,132430,0,0.44467919373141285,0.47330521363600286,0.46824518893052236,0.428650925551619
132430_1767738000,132430,0,0.053846849360896676,0.0666313210589697,0.06457464220493314,0.05915736048881893
132430_1767738300,132430,0,0.0733508463143969,0.07830739684197971,0.0768628402519799,0.07368068440298099
132430_1767740400,132430,1,0.054127699825615945,0.058499901322286225,0.04650642703566219,0.06174965780706874
132430_1767740700,132430,0,0.039401066164181923,0.040338827496948185,0.030336890989308033,0.05011615443125499
132430_1767741000,132430,0,0.4679192445043377,0.46604503447901224,0.5033321590893256,0.5745564340022941
132430_1767741300,132430,0,0.38497806464361506,0.5121992605931281,0.4044778465355861,0.49758372244580007
132430_1767741600,132430,1,0.16317901147216676,0.19907600505759582,0.1643035090804721,0.17058817108243982
132430_1767741900,132430,1,0.08936009807840664,0.09922898417715545,0.08188061075256714,0.08252779355359068
132430_1767742200,132430,0,0.19827467934276646,0.17537631933394832,0.22894771864693114,0.21813961356448497
132430_1767743400,132430,0,0.06268249824085802,0.050507391069025936,0.07794475416836735,0.05179915290593836
132430_1767743700,132430,1,0.0733508463143969,0.0774913119996669,0.07827409884394929,0.07368068440298099
133300_1767675000,133300,0,0.021569873281063266,0.019537717408384763,0.015758250051154797,0.017445580649515173
133300_1767675300,133300,0,0.02021002199055206,0.01737310896351989,0.018861860650456756,0.015994421500115676
133300_1767675600,133300,1,0.028337524646286853,0.022379819026519098,0.021234170908705448,0.022438083288218603
133300_1767675900,133300,0,0.22405884853244593,0.21122568006625111,0.21891087022789008,0.1952071927621475
133300_1767676200,133300,1,0.6339640433843194,0.7485711841278967,0.6602483251268347,0.6933586765385966
133300_1767676500,133300,1,0.39805633341758184,0.42449334491506757,0.35819640901690186,0.35950172815641757
133300_1767676800,133300,1,0.3037792073627489,0.33707984138874825,0.2784872316553663,0.2621776493605037
133300_1767677400,133300,0,0.09213541931471389,0.12934815443291287,0.11638558296730567,0.11100466497329235
133300_1767677700,133300,0,0.07592068641587804,0.08128543636160805,0.07062040470874484,0.08561184072204246
133300_1767678000,133300,0,0.21568754724970932,0.19093013343331006,0.21259281100249855,0.17803880167837596
133300_1767678300,133300,0,0.25375832042751745,0.2509527727162501,0.24968415914620426,0.22918105172026265
133300_1767678600,133300,0,0.4728886230216991,0.4772796168862266,0.444734285956985,0.4416989838046557
133300_1767678900,133300,0,0.2817810500234987,0.3253244176812561,0.2778507201589537,0.24866373174912867
133300_1767681000,133300,0,0.08883179116532358,0.07713614154822933,0.08898728062290163,0.0784355909206076
133300_1767681300,133300,0,0.10268597819466906,0.10622895215447706,0.11267219849892456,0.0915659439052664
133300_1767681600,133300,1,0.0431250894919362,0.04994253060617918,0.047988469679770024,0.03893680337386332
133300_1767681900,133300,0,0.026712725420053568,0.0325996062122743,0.02703258784731312,0.024037177372474357
133300_1767682200,133300,0,0.11375248677191148,0.14335628283539315,0.11992843992286732,0.09367391261305945
133300_1767682500,133300,1,0.16976267543944937,0.1806853192339538,0.1567769290830915,0.16364564573997048
133300_1767682800,133300,0,0.2245459852526524,0.22845847117987444,0.2396444573955394,0.2052069160076729
133300_1767683100,133300,1,0.757582441636878,0.7702234105396459,0.7696847502517163,0.7348816457897455
133300_1767683400,133300,1,0.37659085144459015,0.3723471817089434,0.32904325265142387,0.3597163753221997
133300_1767683700,133300,1,0.3095965819855901,0.35489699744849845,0.30106282601960643,0.2824745539212525
133300_1767684000,133300,0,0.37499325631570324,0.4687217531287875,0.4148624144946642,0.4298140734010565
133300_1767684300,133300,0,0.11500561888746977,0.14686553762784116,0.13557057275915346,0.10537693944431656
133300_1767684600,133300,1,0.2463622543642722,0.2468855516091108,0.2250926454855904,0.21525757558418573
133300_1767684900,133300,1,0.2661562958472433,0.2870677901746673,0.276518818431478,0.226041092027968
133300_1767685200,133300,1,0.7116499259164989,0.7284179171553538,0.7497227845078068,0.6913896128994821
133300_1767685500,133300,1,0.6411119818639498,0.6500880067244422,0.6579583534053488,0.6140121600548798
133300_1767685800,133300,1,0.7286775764039032,0.7661871122558074,0.7491095978028953,0.6954747564326802
133300_1767686400,133300,0,0.141958696012611,0.1957505748030061,0.17451900681339783,0.1428054882400538
133300_1767689400,133300,0,0.009718556526294752,0.01051594794456221,0.009425285472062306,0.010095089401385338
133300_1767689700,133300,0,0.013610281558910302,0.01476118933857098,0.014205771309489208,0.013206501741047504
133300_1767690000,133300,0,0.030471521271950974,0.02657936086547818,0.029187552651584382,0.02681252308139051
133300_1767690300,133300,0,0.03023969692957688,0.02982965193046676,0.0295349335290722,0.029580180075308066
133300_1767690600,133300,0,0.25381009096785906,0.22884624582733953,0.21662431690602482,0.22123062343114996
133300_1767690900,133300,0,0.10502819376123883,0.1289200227248684,0.10816076635939388,0.10006499036257079
133300_1767691200,133300,0,0.20809848008396095,0.20357053048418575,0.18806466717371842,0.18048510039035073
133300_1767693600,133300,1,0.04592411393743883,0.039617929184653504,0.03986231708997731,0.039445191910764274
133300_1767694200,133300,0,0.1263840831145107,0.1380993936295284,0.1200453592427071,0.12771113123648584
133300_1767694500,133300,0,0.0761632729393543,0.1302599929638178,0.08501509920022363,0.10519801939690111
133300_1767694800,133300,0,0.10430176716182737,0.09186981148844536,0.08697923507894453,0.07793408057779184
133300_1767695100,133300,0,0.024948609551312083,0.026577611698889225,0.024763754531759618,0.021008356111783224
133300_1767697200,133300,0,0.09543744598154565,0.06575880082127857,0.08120984549253772,0.07175606248600129
133300_1767697500,133300,0,0.02258748960404469,0.02565611091191102,0.024372049342691045,0.02025855061216758
133300_1767697800,133300,0,0.031791038125839034,0.04118296379059238,0.03479667687115307,0.030814101846819084
133300_1767698100,133300,1,0.1018552216395237,0.09712641496792378,0.09616948964214646,0.09581094953567956
133300_1767698400,133300,1,0.1941561264539827,0.19996313972863586,0.15461972664743504,0.1648126285253674
133300_1767700800,133300,1,0.04423707080276519,0.041704791540771335,0.04388222187674292,0.03981326488555447
133300_1767701400,133300,0,0.14413179192878697,0.14690858892681452,0.16273752608991707,0.1408423457301007
133300_1767701700,133300,0,0.07469187296924686,0.15911034081444986,0.08337438136031038,0.137848761688766
133300_1767702000,133300,0,0.13663762651330272,0.12864137902301245,0.13341240156763415,0.13697750101453898
133300_1767702300,133300,0,0.03211539378350468,0.03504461921114032,0.03303846299922883,0.029430582887965937
133300_1767702600,133300,0,0.2242968019440588,0.2177813581346723,0.19268135159464297,0.21567649665589433
133300_1767702900,133300,0,0.11663467559283927,0.12257526563367742,0.10972767130439878,0.11588910783969111
133300_1767703200,133300,1,0.15818893033804096,0.1824317551152491,0.15953448283703486,0.14952951248887722
133300_1767703800,133300,0,0.14872917522773627,0.13209499294264956,0.13544963384285577,0.1396446083110006
133300_1767712200,133300,0,0.010010005363873186,0.01016269591126219,0.008955767583343231,0.009444448642304603
133300_1767712500,133300,0,0.012881419329476748,0.014389961853141503,0.014096105169042805,0.012885540804585894
133300_1767712800,133300,0,0.02947814704352251,0.022621668347504946,0.025324753958535073,0.02514708104647728
133300_1767713100,133300,0,0.02267774779533717,0.019801448710241167,0.021670925808683503,0.0198293074630589
133300_1767715200,133300,0,0.2507038466926583,0.17882502676989998,0.23342329910837603,0.23723094387512772
133300_1767715500,133300,0,0.026424750475285225,0.025912107784595607,0.027152312338404153,0.023948032314242924
133300_1767715800,133300,0,0.03557236212148566,0.03100426678271069,0.03510344112264907,0.03552383474682039
133300_1767716100,133300,0,0.033198541163092336,0.032471582431099634,0.03225919548513231,0.03188426646220198
133300_1767716400,133300,1,0.03569360705854278,0.04510353516468341,0.04204905850972644,0.03614147421990802
133300_1767718800,133300,1,0.05019679198035005,0.050388956185418374,0.05535323226533506,0.05006750763146741
133300_1767719400,133300,0,0.14868056858259296,0.22694746264088486,0.17240076145211197,0.20570795930049643
133300_1767719700,133300,0,0.12687966907815876,0.18192384160014463,0.11122808182688265,0.16698322153916867
133300_1767720000,133300,0,0.6630965353279187,0.5883832760872842,0.6400548511804582,0.5715847556304031
133300_1767720300,133300,0,0.051604118276227545,0.07027498442649224,0.06449146156778204,0.04636710466002676
133300_1767722400,133300,1,0.06550763674692948,0.06420994478547021,0.08868628022063164,0.06591266172139965
133300_1767722700,133300,1,0.8482225162754381,0.8428073472328454,0.8328415858108718,0.8478827981151125
133300_1767723000,133300,1,0.867939711425939,0.9108379881803171,0.877643792800539,0.8862621202899319
133300_1767723600,133300,0,0.1485064042212406,0.19680145784569428,0.1620806353842947,0.15929470003054555
133957_1767666600,133957,0,0.023051886760496142,0.024977298875859602,0.024366925622741856,0.02010691179115205
133957_1767666900,133957,0,0.02391046231028954,0.021896515364293004,0.021350452159032935,0.019946877417988118
133957_1767667200,133957,0,0.038617934938084776,0.04120062031078252,0.03295575220605279,0.03745513694750433
133957_1767667500,133957,0,0.018050162094594396,0.019362782882289643,0.019221630405526144,0.017481139132020363
133957_1767667800,133957,0,0.02846265592849373,0.02366682247171851,0.02793821380192427,0.026903674760120667
133957_1767668100,133957,0,0.022459829019774887,0.021612127926514853,0.025482363311628183,0.021647057735350646
133957_1767668400,133957,0,0.024707661997853896,0.032011727884205816,0.028415396620574646,0.025925570388779174
133957_1767669300,133957,0,0.016469906732216814,0.017362596696828374,0.018717176551946088,0.02049783895823816
133957_1767669600,133957,0,0.020307306502052678,0.026724874862635313,0.02200256462767979,0.024889362465296102
133957_1767669900,133957,0,0.035590235856276436,0.045820785337663525,0.038809405523853216,0.04367226009893788
133957_1767670200,133957,0,0.04263293069776257,0.040670599775375835,0.04380640720295858,0.03685230891971952
133957_1767670500,133957,0,0.06488703034200162,0.042195229475030745,0.051700705998426584,0.049924654243267926
133957_1767670800,133957,0,0.2972922090742426,0.20363881476158177,0.2843830326912132,0.2692127385369162
133957_1767671100,133957,0,0.12356870996671702,0.15622297652429895,0.1362065563879024,0.11553887711366931
133957_1767671400,133957,0,0.05472001973492839,0.06592901599501133,0.05538160127259396,0.053985493210579286
133957_1767671700,133957,0,0.05498836131546447,0.06376037012191474,0.047415789487056714,0.06230418958482129
133957_1767672000,133957,0,0.015380046994317635,0.016763830511924406,0.014431038655579435,0.014661719358830764
133957_1767672300,133957,0,0.0590782263769351,0.06659768068317123,0.0713727632467538,0.06922176168464156
133957_1767672600,133957,0,0.05102561500954523,0.04607523130959437,0.049860677730307744,0.05158425963673751
133957_1767672900,133957,0,0.036723138582670296,0.055320061033716054,0.04401427050538428,0.047205757272569315
133957_1767673800,133957,0,0.016287637554797448,0.013357473840776823,0.013135008021102483,0.019176666933946353
133957_1767674100,133957,0,0.028004924167147494,0.026422636341809632,0.02712115412606525,0.02580291513586374
133957_1767674400,133957,0,0.04520637085486568,0.040116180310904,0.04406635350813746,0.03963657586836469
133957_1767674700,133957,1,0.11793522222547884,0.11027519822300136,0.11503018591021286,0.0986356228617495
133957_1767675000,133957,0,0.19519465727880064,0.16727291450271126,0.18939328338848288,0.17384023780938146
133957_1767675300,133957,0,0.32819454204573845,0.3083028593828042,0.33183644296608006,0.3233270060370175
133957_1767675600,133957,0,0.11933918778116838,0.14911249182391142,0.14656980973948194,0.10433459940830352
133957_1767675900,133957,0,0.05902277841064046,0.06145268719303154,0.05466279393378071,0.04879738799709535
133957_1767676200,133957,0,0.04063832945390706,0.037413929319841145,0.033797951512009525,0.03416408289855591
133957_1767676500,133957,0,0.023741806994689422,0.024384690310441534,0.02191562779990893,0.023517935576916078
133957_1767676800,133957,0,0.055571602085903046,0.059904245185177195,0.06291560559725255,0.056697386622853105
133957_1767677100,133957,0,0.2970691904366185,0.28676112887171085,0.30529584579019764,0.32066513665315804
133957_1767677400,133957,0,0.0616052894954547,0.07561237209424213,0.06915161611017454,0.054097275354381406
133957_1767679500,133957,0,0.023482720097667158,0.020881587377806016,0.018638591613576016,0.02305125492886565
133957_1767679800,133957,0,0.0357006030909517,0.04141587855382501,0.03411079667788227,0.03708665395009714
133957_1767680100,133957,0,0.04614704065886348,0.04570906060379812,0.04918073688777202,0.04111425317614755
133957_1767680400,133957,0,0.07480794468236326,0.08754589085639078,0.08419138694252909,0.07719546056033376
133957_1767680700,133957,0,0.08678008595588606,0.12369049658825496,0.09583690883133968,0.09634583217116204
133957_1767681000,133957,0,0.11449813308031814,0.11855613313023226,0.11477658827690519,0.09139842761400341
133957_1767681300,133957,0,0.06498523843558235,0.08195851700633061,0.07971888066853136,0.059107883338863625
133957_1767681600,133957,0,0.06848527674015191,0.07037246889043879,0.06466152773246782,0.05967111614179119
133957_1767681900,133957,0,0.02971567609685651,0.03386736263213423,0.032918328140468224,0.027280659964210235
133957_1767682200,133957,0,0.018018165388235592,0.020415468942097583,0.018332938979467715,0.018772442988686192
133957_1767682500,133957,0,0.0367676943197512,0.0379692075915304,0.04799371360950879,0.035185977767292494
133957_1767682800,133957,0,0.04352399718589613,0.05362703736728377,0.04975338708400994,0.04936172759726225
133957_1767683100,133957,0,0.04633908179309237,0.05621543513811129,0.06369820185129905,0.05504268845615398
133957_1767683700,133957,0,0.03252686584915368,0.03125701424906291,0.02865904500495471,0.03054824694196608
133957_1767684000,133957,0,0.05461275071968849,0.05104650966602864,0.05877617449171347,0.04526116458963554
133957_1767684300,133957,0,0.07660124461640566,0.05842022622819992,0.07552736913795925,0.062284496168288024
133957_1767690000,133957,0,0.0218546974694607,0.02059946596045486,0.01783867192422148,0.023441083042325582
133957_1767690300,133957,0,0.021233514177850597,0.0276690489593852,0.022504687823187496,0.02362793800047905
133957_1767690600,133957,0,0.021395139589127483,0.03323200389473009,0.026642437058070175,0.02460322039214539
133957_1767690900,133957,0,0.02043012299457321,0.02381234331603762,0.02244209394237483,0.021530026856092278
133957_1767691200,133957,0,0.02201051056136641,0.02421216461361542,0.024361123171912122,0.022760965876799003
133957_1767691800,133957,0,0.02001819689861607,0.021230459403639497,0.021270457103794976,0.01889984939802551
133957_1767692100,133957,0,0.034319297003536434,0.03591359887623045,0.03404047411112468,0.02943881383539271
133957_1767692400,133957,1,0.03738739662640186,0.03483460486019528,0.03502903159652451,0.031233502180310745
133957_1767692700,133957,1,0.05760308121549045,0.06890225721553878,0.0733917738538916,0.051149037134357575
133957_1767693000,133957,0,0.2998305159005634,0.2638480610847304,0.28953226584667563,0.29717683597728317
133957_1767693300,133957,0,0.10836679726672324,0.12435821416877958,0.11810553708561594,0.10893046196922118
133957_1767693600,133957,0,0.19175996081446292,0.22831496281607763,0.2006430807595705,0.20764365423720713
133957_1767693900,133957,0,0.04615821229036481,0.066911126279366,0.04726542732763835,0.045214638729134546
133957_1767694200,133957,0,0.057265342722854724,0.055639496419614146,0.05330159859600728,0.05550358373737716
133957_1767694500,133957,0,0.01593319536377003,0.02059874076867322,0.015977467786145668,0.018892095050880953
133957_1767694800,133957,0,0.04339802847365478,0.0532389027062261,0.05115183093641214,0.044671660334255764
133957_1767695100,133957,0,0.026133726127086056,0.034693858836772284,0.029897539154679634,0.027238761356179753
133957_1767695400,133957,0,0.029184162259286595,0.02914967637190338,0.030651912770835333,0.0266522874779034
133957_1767696000,133957,0,0.021181206761502515,0.02246956086872546,0.021348676052050812,0.020975954692471696
133957_1767696300,133957,1,0.035616090842178615,0.03937977361733589,0.035989234916843235,0.03235587120658859
133957_1767696600,133957,1,0.07872756399479064,0.07733442794207382,0.07758989896485766,0.06082436246633934
133957_1767696900,133957,0,0.1756156921371452,0.1736669463559673,0.16952882889133464,0.15434421602385573
133957_1767697200,133957,0,0.14306804403435253,0.17428159644322114,0.1535417244063442,0.1350319302503109
133957_1767697500,133957,0,0.08501715297535546,0.08315379149741739,0.08196179247833803,0.07439306948618432
133957_1767697800,133957,0,0.10420696288349661,0.12301408410492426,0.10810892927391295,0.09777285349409642
133957_1767698100,133957,0,0.043340959570312296,0.04255698246273394,0.044054826593221574,0.038092083439611325
133957_1767698400,133957,0,0.07317028228940459,0.06862321371821462,0.06861753517099446,0.0642598034973435
133957_1767698700,133957,0,0.01803799430770088,0.019538252000857213,0.016842321342365327,0.019772636585519258
133957_1767699000,133957,0,0.021275952434495614,0.023734750296566,0.023834496231351875,0.023674599603669057
133957_1767699300,133957,0,0.0267767776058175,0.03344437028575313,0.033254629777705526,0.028022736692625613
133957_1767699600,133957,0,0.020383456092383862,0.024208176419754545,0.022481721538916928,0.022056050905639408
133957_1767699900,133957,0,0.02192610036147154,0.022269999536147257,0.021802611559698495,0.020921764285873255
133957_1767700200,133957,0,0.00887858087720519,0.012033900556752805,0.01089247495979889,0.012043486919222897
133957_1767700500,133957,0,0.010978351483269281,0.015307946012822891,0.012917201380762876,0.014282481582780535
133957_1767702600,133957,1,0.05335009667638603,0.06466203281968112,0.05650145135508701,0.04925132415538879
133957_1767702900,133957,0,0.07118567077045278,0.08790680759928968,0.06397487957136822,0.06614406265137987
133957_1767703200,133957,0,0.05710047759480162,0.060865827551103556,0.06243372373575451,0.05530399736030744
133957_1767703500,133957,1,0.13680589271814536,0.14191598160983032,0.14457419817865047,0.13177719455609085
133957_1767703800,133957,0,0.03552110384074819,0.04179106178898178,0.0375978727861565,0.029701941565021036
133957_1767704100,133957,0,0.1020699158775009,0.12247936856641109,0.10314082031351665,0.07838713827880815
133957_1767705600,133957,0,0.03938606710826805,0.035359543152569506,0.02913070048706187,0.030643006775501865
133957_1767705900,133957,0,0.06314213800060946,0.061298141726578374,0.0572506343047011,0.05148174152601428
133957_1767708000,133957,1,0.46964924599551533,0.44588414476937294,0.4056139872120124,0.4373511808757855
133957_1767708300,133957,1,0.31673827047673087,0.29350267965316956,0.34819832195077893,0.2645838930578784
133957_1767708600,133957,1,0.37023846802392946,0.3665077524785613,0.37658450452337144,0.3400228952734232
133957_1767708900,133957,1,0.4643880514634628,0.40755213014080355,0.45228649817643124,0.4082736216709953
133957_1767709200,133957,0,0.08272728264482658,0.08411986863231496,0.07552043259671758,0.06826202080275874
133957_1767711600,133957,0,0.5202134534994256,0.4943748997002568,0.5216578685537414,0.5023470451474837
133957_1767711900,133957,0,0.4063153953437952,0.4487145366602498,0.42931168794194696,0.44141561380175576
133957_1767712200,133957,0,0.09113435199552407,0.09887305426369238,0.09599515974695204,0.08617269116663666
133957_1767712500,133957,0,0.09102317429868438,0.0969777655359646,0.07648984019579817,0.07398027903630619
133957_1767712800,133957,0,0.029331301798329885,0.03143312138834819,0.030777821973815796,0.030399741728566944
133957_1767713100,133957,0,0.030483273488202896,0.030737172253137816,0.033658961718071465,0.03323563296102948
133957_1767713400,133957,0,0.03305517873132116,0.040259027367047985,0.035027225497167865,0.03804257955360483
133957_1767713700,133957,0,0.036422698617242476,0.03527368810749104,0.03522101804489259,0.03352994716370377
133957_1767716400,133957,0,0.037627033095463364,0.03094082409451587,0.03048646586664783,0.03561061518063234
133957_1767716700,133957,0,0.0581474094955897,0.05486128269848665,0.0541457251347566,0.05183147647578963
133957_1767718800,133957,0,0.035463933186946774,0.033131981079322366,0.02821938389596053,0.028528831401232954
133957_1767719100,133957,0,0.01749464642825931,0.02177234816660778,0.018096452675543113,0.020895304743311038
133957_1767719400,133957,0,0.029549976127309984,0.031554587189033756,0.03337976447321597,0.031471070076213546
133957_1767719700,133957,0,0.033472140783538176,0.043038185567983916,0.03693555948379514,0.03894817673899585
133957_1767720000,133957,0,0.02781504834686971,0.03426175599044608,0.031659367936308025,0.034467515424081774
133957_1767720900,133957,0,0.02488831274415189,0.025469253986758006,0.024933717939359345,0.026867792351020884
133957_1767721200,133957,0,0.029724979519216314,0.03576366032498774,0.030734050724895438,0.03279456090988522
133957_1767721500,133957,0,0.03829400969337853,0.04644981312883121,0.04147190870179615,0.04059066703678774
133957_1767721800,133957,0,0.052932621415405966,0.0553952847957305,0.05503646428059076,0.05651089176200864
133957_1767722100,133957,0,0.08206136109763193,0.09320423306904846,0.09132379736977961,0.08937985353407385
133957_1767729000,133957,0,0.09140692472006436,0.08548836750775601,0.08289858568207392,0.08952687454852618
133957_1767729300,133957,1,0.16561936782517006,0.19221477989435953,0.18384073268869208,0.15644506021901283
133957_1767729600,133957,0,0.5962429945331694,0.6382499217034043,0.6661969100432366,0.6034107945916712
133957_1767729900,133957,0,0.7320196426271339,0.7804887624906511,0.7872250838517698,0.7289994401777298
133957_1767730200,133957,0,0.7333137826708389,0.7491681004566834,0.7755185897161186,0.7348328735678952
133957_1767730500,133957,0,0.5407561640270515,0.5796951794733253,0.5691461153320865,0.5364135840734894
133957_1767730800,133957,0,0.2334241406714093,0.27254001524829796,0.2290398968977971,0.24209542272586596
133957_1767731100,133957,0,0.2606383848175251,0.2359206862679663,0.22150058307450848,0.1859604239681485
133957_1767731400,133957,0,0.02893240327632327,0.032334723561901285,0.030558542802840646,0.024420890491385704
133957_1767731700,133957,0,0.14621660812970463,0.11851260707051428,0.16322772647600392,0.15871767711602244
133957_1767732000,133957,0,0.14281006610171632,0.16505625510671493,0.1550039712243972,0.11201628152048222
133957_1767732600,133957,0,0.12724347796255528,0.1493804000777702,0.10734431850209257,0.12731915934134258
133957_1767732900,133957,0,0.24203076809711976,0.27825154991219453,0.2071106315337233,0.2472538585104787
133957_1767733200,133957,0,0.3465112776912674,0.37186209677604487,0.3102905967602085,0.2921031051219982
133957_1767733500,133957,0,0.03418524850295488,0.058761658540559834,0.03726867167519159,0.0334982113736099
133957_1767733800,133957,0,0.0656178840008891,0.05614295850551247,0.051866442156405915,0.05896409667732863
133957_1767734100,133957,0,0.163370714712008,0.1331668509620824,0.14916406225359932,0.13309711958738984
133957_1767734400,133957,0,0.06429189379097426,0.06793791114954215,0.0636115417023675,0.05666482581689264
133957_1767734700,133957,0,0.11395768598373583,0.1201391797617547,0.11206571196679828,0.0804995564922878
133957_1767735000,133957,0,0.015711436845271903,0.021156059514929517,0.0171547191321468,0.01575679737212948
133957_1767735300,133957,0,0.054867202322491926,0.0505454468450535,0.06687591831959178,0.04481760695688124
133957_1767735600,133957,0,0.03759304400096243,0.04193139139397107,0.0399649271582409,0.03389511362497996
133957_1767736800,133957,0,0.040678108311927065,0.03883824554790666,0.03486732925990532,0.03655185346160568
133957_1767737100,133957,0,0.07329496914691587,0.09917933360395463,0.08479803898671386,0.06015535849486297
133957_1767737400,133957,0,0.3885534682925967,0.3983475944744122,0.37380830950970095,0.28921294796861363
133957_1767737700,133957,0,0.045830190739828594,0.06684448402342538,0.052080659947225195,0.041288062916885374
133957_1767738000,133957,0,0.05283318983046784,0.04406293885899452,0.04353048261530212,0.04597357350943623
134040_1767667800,134040,0,0.01917032146646884,0.01927706604920961,0.018888248259919655,0.016436475406513433
134040_1767668100,134040,0,0.03353689935412023,0.03720500024825863,0.029048374945334042,0.0321635834733873
134040_1767670200,134040,0,0.05010311259791177,0.05089304528438143,0.04656873611383776,0.04724861533505561
134040_1767670500,134040,0,0.0908496015051436,0.11744536129210005,0.11004671138145722,0.10075874347183801
134040_1767670800,134040,0,0.08503181551980848,0.11211600690725453,0.09001664931525935,0.07958544676009956
134040_1767671100,134040,0,0.2728775555513424,0.2750200473622421,0.26406881874001253,0.2251348685991077
134040_1767671400,134040,0,0.16983765215425103,0.20290001289531032,0.16070270436783204,0.15959116375779953
134040_1767671700,134040,0,0.1361031402773529,0.1705570282994694,0.12816451760978578,0.1324824997139793
134040_1767677400,134040,0,0.171934917747108,0.22504157558064314,0.18899125106980144,0.19415806283587722
134040_1767677700,134040,1,0.1777778162496984,0.25455477366887297,0.1944375655826641,0.18741889669382558
134040_1767678000,134040,0,0.15524893447274624,0.18179481307804904,0.1575381346370374,0.15497582166799423
134040_1767679800,134040,0,0.009251387315343756,0.01231180297883013,0.01059698349511673,0.010228408111195636
134040_1767680100,134040,0,0.009571525385940926,0.015114015690148643,0.011245905111078749,0.011830104812744054
134040_1767680400,134040,0,0.015786747331246798,0.021271463874601753,0.017475397764018862,0.01691664224252358
134040_1767680700,134040,0,0.0377570263861607,0.03862940080638113,0.04010861050017346,0.03473098534159195
134040_1767681000,134040,0,0.046428396936494656,0.04556679810557566,0.037665808888641523,0.03926904657346874
134040_1767681300,134040,0,0.056403985042090474,0.05613655272648386,0.04465546553017469,0.045514638707540876
134040_1767681600,134040,0,0.0486996346769026,0.05350447287521534,0.04280130102440048,0.0445967566842811
134040_1767681900,134040,0,0.016030177092913257,0.019235737929135716,0.01398980761658349,0.015428708715779471
134040_1767682200,134040,0,0.01677271279976022,0.019755062890365882,0.01659437830738762,0.01625596452984476
134040_1767682500,134040,0,0.0294001370941781,0.03379247530855471,0.026943192589895363,0.031195889806451445
134040_1767688200,134040,1,0.041304289248241935,0.056234244465705706,0.03794539959327323,0.042200978226057034
134040_1767688500,134040,0,0.09371495476692582,0.09827182027052409,0.07779530543805446,0.10658441673094633
134040_1767688800,134040,0,0.08939276778211683,0.11556773219120871,0.09913684503005245,0.10974467905383249
134040_1767689100,134040,0,0.07402374172876008,0.08940807353681021,0.07652653222668443,0.06969980938663518
134040_1767689400,134040,0,0.1691626423411979,0.17816879968294197,0.17882388596273424,0.14128488851517393
134040_1767689700,134040,0,0.1521010289774648,0.15680300975777198,0.1618037036211288,0.1323223894240699
134040_1767690000,134040,1,0.1903589613993572,0.19934953326691549,0.19780361114381723,0.16737302596875625
134040_1767690300,134040,0,0.19810096456516446,0.2041316924856498,0.20184508372795534,0.18699232168185176
134040_1767703200,134040,0,0.006088269760264299,0.0051986141103457775,0.006613894799541937,0.005431175163052652
134040_1767703500,134040,0,0.01287012604673736,0.014309894598106405,0.014161224581994166,0.012130468419967018
134040_1767703800,134040,0,0.019708345674446886,0.027508385199621028,0.020985628632538895,0.024089278410855276
134040_1767704100,134040,0,0.02778912863996753,0.033313767239235646,0.024084947855430833,0.028120379377648667
134040_1767704400,134040,0,0.08877789904102645,0.09892183450270958,0.10253746983855494,0.08930171317808545
134040_1767704700,134040,0,0.1003583833067681,0.12013265076099637,0.09978947432751789,0.10539235772751261
134040_1767705000,134040,0,0.058736743787651466,0.06963973572389412,0.053485049561632664,0.06625416340155467
134040_1767705300,134040,0,0.06996942123659886,0.07575151398725594,0.07568519983689855,0.06748834078991928
134040_1767705600,134040,0,0.016876810088200637,0.020018131821454965,0.019613456719390073,0.020236217712370077
134040_1767705900,134040,0,0.02564626953404069,0.030482544382078532,0.026385813023499988,0.0299617217966682
134040_1767706200,134040,0,0.037780584949095,0.04464247122286918,0.037487748472364156,0.04268326204168118
134040_1767706500,134040,1,0.05800852797461464,0.05881904381294682,0.05426775667977829,0.058690749341203254
134040_1767706800,134040,1,0.11189423105649951,0.11707096760244395,0.1037447351719719,0.11709959431074314
134040_1767707100,134040,1,0.0817706419330135,0.1005839608152199,0.08482076410338901,0.09457434603913903
134040_1767707400,134040,1,0.14205695218761574,0.15325611693086788,0.13742734030283943,0.13915112810953595
134040_1767707700,134040,1,0.32035622708411304,0.2781474831542796,0.27546978218443263,0.285423131294385
134040_1767709800,134040,0,0.1089724830830132,0.11764369976650663,0.09613865635864287,0.10232176003013953
134040_1767710100,134040,0,0.056771869208583396,0.08657905006037242,0.052839261590672676,0.058642541442495165
134040_1767710400,134040,0,0.12699805101307904,0.13647446048161574,0.11612991884265174,0.14127211290675745
134040_1767710700,134040,0,0.1312559387928971,0.148291254074197,0.11439382622904617,0.13141128796613757
134040_1767711000,134040,1,0.03482056941585565,0.04244888812613307,0.03436061282543662,0.03629457088432626
134040_1767711300,134040,1,0.034701707133726875,0.035120566777125085,0.030920630089943665,0.03224870378624144
134040_1767711600,134040,1,0.04556160260570694,0.04952052569352018,0.04774088674514106,0.04692287670606803
134040_1767711900,134040,1,0.3637715403089094,0.3769669836948001,0.4232175983855443,0.4509381201790986
134040_1767712200,134040,1,0.3768291985978211,0.3287160813523611,0.37010379923200404,0.37182150587574236
134040_1767712500,134040,1,0.17231708357920944,0.1550867439891038,0.1581005453675021,0.1468615109101461
134040_1767712800,134040,1,0.10488517273093773,0.12571991282671885,0.11271819244007034,0.1100929410136543
134040_1767713100,134040,0,0.08713062923888013,0.0923509291357519,0.08999553324713068,0.08328340841150393
134040_1767722400,134040,0,0.43458905142213095,0.35384620930591815,0.4266438268677625,0.4566987883245562
134040_1767722700,134040,1,0.6212469918484006,0.6399956021885216,0.6171462009189167,0.6548562169937169
134040_1767723000,134040,1,0.48931677942584867,0.4196963095939779,0.4428884938413835,0.46731730475263994
134040_1767723300,134040,1,0.3800099207828904,0.40274291495410636,0.3658549031900141,0.42539069893004444
134040_1767723600,134040,1,0.6785249589158775,0.7998833967684391,0.7328653768561904,0.7652557002924069
134040_1767723900,134040,1,0.7058064460789155,0.7682710413810927,0.7157447369710109,0.742498374193357
134040_1767724200,134040,1,0.8310943957879942,0.8220385367913473,0.8298425202663053,0.8074244762456555
134040_1767724500,134040,1,0.6304203881071059,0.6246147303878818,0.6371763083118541,0.5600917484652601
134040_1767735000,134040,1,0.3529383288160928,0.3753742775957991,0.37673838416545113,0.39781609238174165
134040_1767735300,134040,1,0.3866820991377394,0.4801747199448067,0.4040273688707032,0.4197656455912147
134040_1767735900,134040,0,0.02983098793607442,0.030751432928242232,0.027330011852999825,0.02680361441475168
134040_1767736200,134040,0,0.030186007261736605,0.03458392473820193,0.029694781187970698,0.026220541635012216
134040_1767736500,134040,0,0.2074260710981904,0.20485319888882764,0.2025244394460294,0.18857930203007
134040_1767736800,134040,0,0.00780355643342752,0.016068946232743606,0.009848526433725713,0.008519539826311984
134040_1767737100,134040,0,0.009460110716409701,0.009513649638919371,0.010539071067342427,0.010379521745567232
134040_1767737400,134040,0,0.025473345941539365,0.02176462477407894,0.027324291959843802,0.026261063317277338
134040_1767737700,134040,0,0.024998311952682397,0.021448242572631872,0.02688235683178026,0.02562975148722736
134040_1767738000,134040,0,0.02375228778277059,0.0227488711518249,0.02622805736050862,0.024924361989156287
134040_1767738300,134040,0,0.02421999947235847,0.021264509653882567,0.026631659315002026,0.024415612344232535
134040_1767738600,134040,0,0.028106435851381516,0.022715856910934938,0.028705814223027374,0.02723414266919302
134040_1767738900,134040,0,0.0140170883895925,0.013076115040582939,0.01423083195357994,0.01286489234986582
134040_1767739200,134040,0,0.029808271881754275,0.03296167301020538,0.029610921175529215,0.02931722351789721
134040_1767739500,134040,0,0.05420102394602333,0.059352864499823126,0.04866532353504559,0.05984505699880364
134040_1767739800,134040,0,0.03736440418077478,0.03306080512634293,0.03344888699894363,0.03733263463619628
134040_1767740100,134040,0,0.054112011644590764,0.05362378648714062,0.04516670464396949,0.05807287467388122
134040_1767740400,134040,0,0.023785509300822526,0.02250301028843962,0.025856574322288713,0.029507223725670977
134040_1767740700,134040,0,0.029313077309184813,0.02778400127752786,0.03414690158344159,0.03364628915260979
134494_1767738000,134494,0,0.008602254285264004,0.007998220976094652,0.007677955054257124,0.008306609981632088
134494_1767738300,134494,0,0.010007867927224023,0.010806843095109757,0.010119956341325516,0.010974103748460721
134494_1767738600,134494,0,0.011975096104131257,0.011159832183919747,0.010944198521215,0.011277660526308698
134494_1767738900,134494,0,0.013017165903995487,0.011473635986716533,0.012876233862129481,0.012410143916742463
134494_1767739200,134494,0,0.012281066769826045,0.011095668319717603,0.011374573196834133,0.011897089405534958
134494_1767739500,134494,0,0.012222104323129618,0.011665693736658581,0.011904965213266528,0.012542208164022215
134494_1767739800,134494,0,0.009535839405936395,0.007708109118224644,0.00952263253508927,0.009063503945619639
134494_1767740100,134494,0,0.012159812548620101,0.010119472152785488,0.01119072303020269,0.011137999140792122
134494_1767742200,134494,0,0.011753770067417436,0.011737266564246064,0.010949265249209418,0.012545440141550311
134494_1767742500,134494,0,0.012106869785002828,0.012270290367636556,0.011223847500063874,0.01307932682375136
134494_1767742800,134494,0,0.01241058302265714,0.01219550731763553,0.011856546103476466,0.012612885817352369
134494_1767743100,134494,0,0.012048733470790645,0.01219550731763553,0.011378988688473972,0.01253810456989264
135081_1767670200,135081,0,0.025918044290085974,0.022895005631220152,0.02530072095071429,0.024209816384646896
135081_1767670500,135081,0,0.023563396131412243,0.022128408274776863,0.0239137904242701,0.02396013498618356
135081_1767670800,135081,0,0.017530447276684496,0.017996009489943083,0.019872756444307648,0.016789950845289288
135081_1767671100,135081,0,0.0680610906509702,0.06250417285155858,0.07777590856500394,0.061814045876928105
135081_1767671400,135081,0,0.10387869950513602,0.10526863129530782,0.11677933731778181,0.11098749211785527
135081_1767671700,135081,0,0.04755513872315104,0.06497754002431151,0.05561973684158257,0.036035299267755075
135081_1767672000,135081,0,0.14451958514597155,0.1413647380005992,0.15926577488292287,0.13994372414846823
135081_1767672300,135081,0,0.04256157326187031,0.03526219346712917,0.04106883044393834,0.037325358342929243
135081_1767672600,135081,0,0.036390708302617876,0.028852490415194377,0.03796775471044898,0.032407723869234795
135081_1767672900,135081,0,0.017519841743090195,0.017299221242910386,0.019584026370206925,0.01527175518630561
135081_1767673200,135081,0,0.039606566698671845,0.024811977028342216,0.03316193567961157,0.0344579833047214
135081_1767673500,135081,0,0.016210922803979243,0.013519084648766742,0.013835288631599003,0.015378004423562519
135081_1767673800,135081,0,0.0696190697326782,0.0771049285770724,0.0811402301655396,0.07131614600923666
135081_1767674100,135081,0,0.3579633523475405,0.33696080122669425,0.3375114608514727,0.36572738565085927
135081_1767674400,135081,0,0.36897206410033473,0.39753731471529946,0.41394898028422433,0.3490596174596089
135081_1767674700,135081,0,0.07366693717706665,0.07295033266311289,0.07943360386027105,0.06782342213161319
135081_1767675000,135081,0,0.12297084094424736,0.10775865075625976,0.11814720439408928,0.10920830501764976
135081_1767675300,135081,1,0.171522124022984,0.13395533022512376,0.17173309505419768,0.13769044739198233
135081_1767675600,135081,1,0.09730048157860618,0.08266444372884471,0.09308206657785428,0.07692759417631163
135081_1767675900,135081,1,0.6210783322987572,0.5057131329474529,0.6111205345081314,0.5916733584007037
135081_1767676200,135081,0,0.9085693598872555,0.9040040060784513,0.9130114387195861,0.9083504348973204
135081_1767676500,135081,0,0.24849135432759592,0.2318500181429271,0.2681198375923567,0.24222459226241516
135081_1767684600,135081,0,0.021232715452274138,0.021725570916518666,0.01856138353528656,0.01960939275640688
135081_1767684900,135081,0,0.022157321276507984,0.022412343368114762,0.019339523491827312,0.020773073467526708
135081_1767685200,135081,0,0.03159167112137368,0.028014794648279943,0.03136706736015992,0.030160294845240004
135081_1767685500,135081,1,0.022398818666553053,0.021049701496666025,0.0211082436785573,0.018078024999666657
135081_1767685800,135081,1,0.028869187711846576,0.031040344215539202,0.031132643663943832,0.03661778054540716
135081_1767686100,135081,1,0.8013228051633581,0.7747017398116776,0.8161392207988682,0.8262144097151168
135081_1767697800,135081,0,0.03150632187542017,0.030594705993913545,0.030792340795729064,0.02729419561674645
135081_1767698100,135081,0,0.047713506424454384,0.051983213452174416,0.04458667525101179,0.04180495074120518
135081_1767698400,135081,0,0.08335283976402307,0.06829277546752051,0.08362343899271875,0.07019888476868881
135081_1767698700,135081,0,0.05449080931139782,0.06630402556543538,0.06750148302117762,0.05191121893635705
135081_1767699000,135081,0,0.4501977062943928,0.3525086429140017,0.49123580760060737,0.4070087863779566
135081_1767699300,135081,0,0.10482905921753097,0.10205663384930916,0.1196390189666135,0.10361821616462849
135081_1767699600,135081,0,0.04670574708015114,0.0453965702373854,0.051501944158521655,0.03605675553442977
135081_1767699900,135081,0,0.1019824105316374,0.08863836086761848,0.10769129211914279,0.09545534769756601
135081_1767700200,135081,0,0.028546021893501382,0.02664326761836542,0.03064915841588941,0.02812339934613671
135081_1767700500,135081,0,0.01994806595039939,0.017482340036464886,0.020464718718021593,0.019460688481259023
135081_1767702600,135081,0,0.04293908424582324,0.046186864267309745,0.04470768975907574,0.038356514379657154
135081_1767702900,135081,0,0.021127232392203422,0.020953733150303317,0.018447168711498617,0.019475056684500412
135081_1767703200,135081,0,0.025925878158630133,0.023277926206699502,0.022219394042981344,0.023799937464896226
135081_1767703500,135081,0,0.03526830166218074,0.027128628997098655,0.032313255626954675,0.03291030987599811
135081_1767703800,135081,0,0.03331050084399157,0.025828355938331347,0.030959182112124253,0.02904157945894933
135081_1767704100,135081,0,0.016718707742148516,0.016988528608729087,0.01617380991506658,0.017520119705678735
135081_1767704400,135081,0,0.025644182778080248,0.026340248946283482,0.028413034801931084,0.023307032792460505
135081_1767705900,135081,0,0.03145047634351972,0.0285249339079267,0.029796736207892895,0.031245493965037556
135081_1767708000,135081,0,0.718015975150655,0.752207052915384,0.7331506845612579,0.7307357103167915
135081_1767708300,135081,0,0.062315781120255646,0.05480413932723644,0.060278730113089055,0.06303491534182355
135081_1767708600,135081,0,0.03873465745048022,0.03891816850003085,0.041418490893687,0.035620917721338505
135081_1767708900,135081,0,0.022965878109264426,0.021518008569201517,0.02297548207216204,0.020251206682585877
135081_1767709200,135081,0,0.03464601717448017,0.024992334549525118,0.03319099348056791,0.031270885929437296
135081_1767709500,135081,0,0.014902192204632484,0.012953129908548569,0.013409606151913854,0.014384342373918536
135081_1767709800,135081,0,0.024737590207938885,0.020863400329535587,0.028539012311583282,0.024248642626127775
135081_1767710100,135081,0,0.01979639048870665,0.019798471299448516,0.01949752526775152,0.016100775274063412
135081_1767710400,135081,0,0.061879005130605215,0.05283976881028462,0.064746139759004,0.05496385639438734
135081_1767710700,135081,0,0.015095270035107461,0.013865652105891827,0.013169997143344226,0.015128360841073548
135081_1767711000,135081,0,0.023075474747982792,0.02026310425872951,0.021483490934150327,0.0214623931481519
135081_1767711300,135081,0,0.02565496703148384,0.022679868668288597,0.023289994683525602,0.0244839330505574
135081_1767711600,135081,0,0.031192155780693575,0.02124308587092475,0.028870879669632386,0.02791368732539286
135081_1767711900,135081,0,0.0197528711654841,0.017620420922453292,0.020054230539294293,0.02086173664676002
135081_1767712200,135081,0,0.026038485048332827,0.026957066230460132,0.027808508921216234,0.023137453221862347
135081_1767712500,135081,0,0.04916536997305603,0.050724194201982514,0.0492606329473104,0.043359426259315485
135081_1767717000,135081,0,0.14696061982156042,0.12273301801627322,0.16313421490431154,0.14498227309270234
135081_1767717300,135081,0,0.13294838325356742,0.16517798410174642,0.12615168016898384,0.17087070438702254
135081_1767717600,135081,0,0.05362609845472871,0.04988451823083989,0.055118817432224236,0.052587951669287175
135081_1767717900,135081,0,0.0282264602125819,0.038002907727998164,0.030500160402605028,0.025464068716472277
135081_1767718200,135081,0,0.03600937274822276,0.027657378636134884,0.037502777045415214,0.03481439183000752
135081_1767718500,135081,0,0.036801437500969,0.03234579759144776,0.03708352187733083,0.0358387885465698
135081_1767718800,135081,0,0.018930675162116654,0.014120259606802707,0.01462220142348979,0.016147547001072782
135081_1767719100,135081,0,0.03943905049957253,0.04288190403837642,0.04669275511417144,0.04104604664279639
135081_1767719400,135081,0,0.021396210486600373,0.018865788595973328,0.02270117815232592,0.02213034125800354
135081_1767719700,135081,0,0.0653400738773656,0.053955742919848435,0.06439074853149254,0.06197354928132694
135081_1767720000,135081,0,0.021245375305570587,0.018526371216392234,0.018273254312439934,0.021421576930298957
135081_1767720300,135081,0,0.025776270466647103,0.022591244713972652,0.024455677407126265,0.027807670963414778
135081_1767720600,135081,0,0.04272916931994456,0.03368013685582655,0.043757923835596464,0.04155492030026795
135081_1767720900,135081,0,0.03719207330170268,0.024564239042927177,0.03516100799351482,0.036758365546347725
135081_1767721200,135081,0,0.03656529898212738,0.029504187783093015,0.035333467145621786,0.0378180058632223
135081_1767721500,135081,0,0.025806164196870676,0.02624358511133825,0.025897333866132567,0.024394901116435948
135081_1767721800,135081,0,0.07640249562748468,0.06861427218775253,0.0764027647632934,0.07216325743165293
135081_1767726000,135081,1,0.74278904285699,0.607174328973822,0.723120216338438,0.7169708797141874
135081_1767726300,135081,0,0.8571640046916028,0.878948579139309,0.8790679252726494,0.8711420391780326
135081_1767726600,135081,0,0.4497777320260054,0.4664779774218451,0.4531727359579787,0.42698624885296493
135081_1767726900,135081,0,0.2680864404647282,0.27334287942039964,0.27361509734792383,0.23360726645404084
135081_1767727200,135081,0,0.1481492232311834,0.18976250241906814,0.1516239031010557,0.14032752251110361
135081_1767727500,135081,0,0.07992720211520032,0.11125595341907467,0.07167091499196979,0.08237395550915629
135081_1767732600,135081,0,0.0857481936540687,0.08858154101409257,0.07976045575772088,0.08982885372420495
135081_1767732900,135081,0,0.1632396025600895,0.16504732982903125,0.15483184669662364,0.1744333135272746
135081_1767733200,135081,0,0.5602103952923054,0.5883886214075079,0.5842300795660855,0.5983078304627
135081_1767733500,135081,0,0.6057126642181477,0.6182952814682494,0.5932181140574694,0.5767294545787646
135081_1767733800,135081,0,0.16288871382334089,0.1748338755595026,0.17634157354418475,0.13209966726449454
135081_1767734100,135081,0,0.03480652314202837,0.0685789583387805,0.04137968496972709,0.030230357518653047
135081_1767734400,135081,0,0.20391870885112115,0.1883912925656725,0.18185498566969252,0.194095672438305
135081_1767734700,135081,0,0.03241828008385986,0.04628531274956214,0.03587409674842588,0.032366092473871254
135081_1767736800,135081,0,0.04333337882519442,0.05107844120191372,0.042593164941850496,0.03811127958802152
135081_1767737100,135081,0,0.02075732524159739,0.01759230129649084,0.019603129388373948,0.02096946225136785
135081_1767737400,135081,0,0.03009166222051122,0.026633274349004782,0.026158050013011306,0.031495995408330354
135081_1767737700,135081,1,0.06592149918600829,0.07623333861712382,0.07147143340785925,0.07104151439162418
135081_1767738000,135081,0,0.035648875033413636,0.033228659689951215,0.0365121673362147,0.04528581352320087
135081_1767738300,135081,0,0.13152775218312907,0.10219256428144004,0.11914888164502697,0.12214253686516917
